tract,no_vehicle,no_vehicle_universe,no_vehicle_pct,sup_dist,csa,spa,ESRI_OID,Shape__Area,Shape__Length
06037101110,170,1558,10.9,District 5,Los Angeles - Tujunga,SPA 2 - San Fernando,7337,12329806.2148438,14765.6490038758
06037101122,0,1407,0,District 5,Los Angeles - Tujunga,SPA 2 - San Fernando,7338,29088657.1923828,30028.2137708717
06037101220,56,1357,4.1,District 5,Los Angeles - Tujunga,SPA 2 - San Fernando,7339,7532651.15527344,12504.5521301933
06037101221,265,1483,17.9,District 5,Los Angeles - Tujunga,SPA 2 - San Fernando,7340,3874399.41796875,8938.42134861514
06037101222,172,948,18.1,District 5,Los Angeles - Tujunga,SPA 2 - San Fernando,7341,3090537.72753906,9750.96042020995
06037101300,68,1513,4.5,District 5,Los Angeles - Tujunga,SPA 2 - San Fernando,7342,27694822.4121094,28700.8705710272
06037101400,170,1336,12.7,District 5,Los Angeles - Tujunga,SPA 2 - San Fernando,7343,67867979.1171875,41887.3323731771
06037102103,74,714,10.4,District 5,Los Angeles - Sun Valley,SPA 2 - San Fernando,7344,12811195.3740234,16198.5518254667
06037102104,42,1299,3.2,District 5,Los Angeles - Sun Valley,SPA 2 - San Fernando,7345,17933361.9628906,27118.7081563965
06037102105,4,518,0.8,District 5,Los Angeles - Sun Valley,SPA 2 - San Fernando,7346,5257057.125,9952.66420243989
06037102107,59,1184,5,District 5,Los Angeles - Sunland,SPA 2 - San Fernando,7347,139121771.666016,63442.6564858111
06037103101,15,982,1.5,District 5,Los Angeles - Sunland,SPA 2 - San Fernando,7348,21327764.9394531,24165.7669241483
06037103102,186,1646,11.3,District 5,Los Angeles - Sunland,SPA 2 - San Fernando,7349,13323875.8798828,16273.2413130881
06037103201,250,1581,15.8,District 5,Los Angeles - Sunland,SPA 2 - San Fernando,7350,21040409.2324219,18173.2239589304
06037103202,0,649,0,District 5,Los Angeles - Lakeview Terrace,SPA 2 - San Fernando,7351,51185007.7939453,44562.150658153
06037103300,72,1296,5.6,District 5,Los Angeles - Shadow Hills,SPA 2 - San Fernando,7352,66024681.0556641,37007.098020571
06037103401,10,972,1,District 5,Los Angeles - Sunland,SPA 2 - San Fernando,7353,15045317.2578125,20208.4809663066
06037103402,77,1378,5.6,District 5,Los Angeles - Sunland,SPA 2 - San Fernando,7354,11987350.8457031,14259.8471616325
06037104103,0,868,0,District 5,Los Angeles - Lakeview Terrace,SPA 2 - San Fernando,7355,10007491.6875,12992.0373117186
06037104105,118,1580,7.5,District 3,Los Angeles - Pacoima,SPA 2 - San Fernando,7356,6295469.3984375,11639.6968948502
06037104108,110,1291,8.5,District 3,Los Angeles - Pacoima,SPA 2 - San Fernando,7357,11698537.2763672,18498.0049415872
06037104124,10,1325,0.8,District 5,Unincorporated - Kagel/Lopez Canyons,SPA 2 - San Fernando,7358,47953358.1806641,37473.8141348432
06037104201,24,863,2.8,District 3,Los Angeles - Pacoima,SPA 2 - San Fernando,7359,11778994.3974609,14691.8972461659
06037104203,32,1074,3,District 3,Los Angeles - Pacoima,SPA 2 - San Fernando,7360,7619758.296875,11052.5266501792
06037104204,7,718,1,District 5,Los Angeles - Lakeview Terrace,SPA 2 - San Fernando,7361,28691700.7539062,29780.4311142764
06037104310,35,885,4,District 3,Los Angeles - Pacoima,SPA 2 - San Fernando,7362,16008672.9794922,19026.1836900057
06037104321,215,773,27.8,District 3,Los Angeles - Pacoima,SPA 2 - San Fernando,7363,5595372.671875,10641.697631319
06037104322,20,445,4.5,District 3,Los Angeles - Pacoima,SPA 2 - San Fernando,7364,7498677.06640625,14606.3833433496
06037104401,68,623,10.9,District 3,Los Angeles - Pacoima,SPA 2 - San Fernando,7365,7474268.68945312,12419.644324963
06037104403,34,510,6.7,District 3,Los Angeles - Pacoima,SPA 2 - San Fernando,7366,7398381.78320312,16067.758161955
06037104404,67,746,9,District 3,Los Angeles - Pacoima,SPA 2 - San Fernando,7367,5808075.99707031,10935.7071888996
06037104500,31,621,5,District 3,Los Angeles - Pacoima,SPA 2 - San Fernando,7368,5715318.89160156,11300.664483623
06037104610,85,652,13,District 3,Los Angeles - Pacoima,SPA 2 - San Fernando,7369,6371675.47460938,11599.2417873073
06037104620,27,703,3.8,District 3,Los Angeles - Pacoima,SPA 2 - San Fernando,7370,5716579.41699219,11300.4360398197
06037104701,93,953,9.8,District 3,Los Angeles - Pacoima,SPA 2 - San Fernando,7371,5925369.99023438,11097.7272401209
06037104703,48,607,7.9,District 3,Los Angeles - Pacoima,SPA 2 - San Fernando,7372,12497379.4765625,15258.6129943213
06037104704,64,1231,5.2,District 3,Los Angeles - Pacoima,SPA 2 - San Fernando,7373,17921965.6357422,16919.1964901945
06037104821,88,751,11.7,District 3,Los Angeles - Pacoima,SPA 2 - San Fernando,7374,5724316.27636719,11302.2406259718
06037104822,142,637,22.3,District 3,Los Angeles - Pacoima,SPA 2 - San Fernando,7375,6475210.70605469,13768.6387256463
06037104823,41,692,5.9,District 3,Los Angeles - Pacoima,SPA 2 - San Fernando,7376,5718934.2578125,11300.8023205029
06037104824,0,486,0,District 3,Los Angeles - Pacoima,SPA 2 - San Fernando,7377,6374083.48828125,11599.6779386916
06037106010,55,938,5.9,District 3,Los Angeles - Sylmar,SPA 2 - San Fernando,7378,27335436.6582031,23881.0654786666
06037106020,18,1298,1.4,District 3,Los Angeles - Sylmar,SPA 2 - San Fernando,7379,21441404.3994141,22165.1278355623
06037106111,84,1390,6,District 3,Los Angeles - Sylmar,SPA 2 - San Fernando,7380,29954716.9316406,27404.3626081287
06037106112,58,1430,4.1,District 3,Los Angeles - Sylmar,SPA 2 - San Fernando,7381,34795935.4101562,48958.7063304225
06037106113,8,1038,0.8,District 3,Los Angeles - Sylmar,SPA 2 - San Fernando,7382,15561539.0332031,19777.6737746915
06037106114,44,1830,2.4,District 3,Los Angeles - Sylmar,SPA 2 - San Fernando,7383,10988107.5507812,17058.2661316265
06037106403,19,854,2.2,District 3,Los Angeles - Sylmar,SPA 2 - San Fernando,7384,11902775.5966797,14300.038725537
06037106405,51,1147,4.4,District 3,Los Angeles - Sylmar,SPA 2 - San Fernando,7385,12580823.1289062,14491.0390638944
06037106406,74,1880,3.9,District 3,Los Angeles - Sylmar,SPA 2 - San Fernando,7386,21572409.7216797,20945.5523274769
06037106407,188,828,22.7,District 3,Los Angeles - Sylmar,SPA 2 - San Fernando,7387,2497837.99414062,6355.49121102992
06037106408,48,986,4.9,District 3,Los Angeles - Sylmar,SPA 2 - San Fernando,7388,2465520.91699219,6295.50831200065
06037106510,20,1601,1.2,District 3,Los Angeles - Sylmar,SPA 2 - San Fernando,7389,62138891.1826172,36810.4174072868
06037106520,124,1402,8.8,District 3,Los Angeles - Sylmar,SPA 2 - San Fernando,7390,23742776.9794922,19779.1891837995
06037106603,65,1216,5.3,District 3,Los Angeles - Granada Hills,SPA 2 - San Fernando,7391,111070288.768555,48129.2464251955
06037106604,93,1281,7.3,District 3,Los Angeles - Sylmar,SPA 2 - San Fernando,7392,28109094.6132812,26134.1978001776
06037106641,37,732,5.1,District 3,Los Angeles - Granada Hills,SPA 2 - San Fernando,7393,12439769.265625,18205.3184268086
06037106642,70,1189,5.9,District 3,Los Angeles - Granada Hills,SPA 2 - San Fernando,7394,16922656.171875,19793.7825956512
06037106643,54,1387,3.9,District 3,Los Angeles - Granada Hills,SPA 2 - San Fernando,7395,46652067.0527344,31847.0660361859
06037106645,93,1252,7.4,District 3,Los Angeles - Granada Hills,SPA 2 - San Fernando,7396,26946666.1367188,29643.9705810143
06037106646,43,999,4.3,District 3,Los Angeles - Granada Hills,SPA 2 - San Fernando,7397,16141372.4765625,23002.4620379296
06037106648,51,1179,4.3,District 3,Los Angeles - Sylmar,SPA 2 - San Fernando,7398,8770048.65917969,12817.0277743276
06037106649,23,642,3.6,District 3,Los Angeles - Sylmar,SPA 2 - San Fernando,7399,11900113.8681641,19875.8687603473
06037107010,34,757,4.5,District 3,Los Angeles - Sylmar,SPA 2 - San Fernando,7400,7378650.45117188,12969.8963760505
06037107020,74,1212,6.1,District 3,Los Angeles - Sylmar,SPA 2 - San Fernando,7401,10674902.7763672,14598.594041933
06037108101,32,757,4.2,District 3,Los Angeles - Porter Ranch,SPA 2 - San Fernando,7402,12266855.5664062,14442.5173721992
06037108102,19,1226,1.5,District 3,Los Angeles - Porter Ranch,SPA 2 - San Fernando,7403,23081371.0019531,18310.673940999
06037108103,8,1001,0.8,District 3,Los Angeles - Porter Ranch,SPA 2 - San Fernando,7404,27776643.0498047,35922.726079898
06037108104,3,562,0.5,District 3,Los Angeles - Porter Ranch,SPA 2 - San Fernando,7405,9009471.14160156,14606.2062077058
06037108202,69,3551,1.9,District 3,Los Angeles - Porter Ranch,SPA 2 - San Fernando,7406,64178248.4638672,35709.8831355136
06037108203,23,1175,2,District 3,Los Angeles - Porter Ranch,SPA 2 - San Fernando,7407,14381515.4902344,16269.5127036231
06037108204,83,658,12.6,District 3,Los Angeles - Porter Ranch,SPA 2 - San Fernando,7408,16049102.4550781,21734.9878647895
06037109100,121,887,13.6,District 3,Los Angeles - Mission Hills,SPA 2 - San Fernando,7409,29181021.1005859,26282.804034726
06037109200,100,1077,9.3,District 3,Los Angeles - Granada Hills,SPA 2 - San Fernando,7410,10956303.3769531,15922.32808023
06037109300,38,929,4.1,District 3,Los Angeles - Granada Hills,SPA 2 - San Fernando,7411,13116617.7988281,17334.508574545
06037109400,26,1131,2.3,District 3,Los Angeles - Mission Hills,SPA 2 - San Fernando,7412,13685638.0449219,17525.934223217
06037109500,54,982,5.5,District 3,Los Angeles - Mission Hills,SPA 2 - San Fernando,7413,12907395.8847656,20454.3625085122
06037109601,10,1330,0.8,District 3,Los Angeles - Mission Hills,SPA 2 - San Fernando,7414,24327553.3300781,20047.8650112953
06037109603,41,1268,3.2,District 3,Los Angeles - Mission Hills,SPA 2 - San Fernando,7415,10751151.0771484,13424.2796976847
06037109604,44,873,5,District 3,Los Angeles - Mission Hills,SPA 2 - San Fernando,7416,12653709.8955078,14351.5983047847
06037109700,57,1383,4.1,District 3,Los Angeles - Granada Hills,SPA 2 - San Fernando,7417,17187332.4287109,17925.4026288896
06037109800,84,1490,5.6,District 3,Los Angeles - North Hills,SPA 2 - San Fernando,7418,15020694.4951172,16573.9834328906
06037111100,19,936,2,District 3,Los Angeles - Granada Hills,SPA 2 - San Fernando,7419,11389460.5732422,13559.3841736023
06037111201,12,1030,1.2,District 3,Los Angeles - Granada Hills,SPA 2 - San Fernando,7420,20422124.8144531,25160.05716791
06037111202,128,1931,6.6,District 3,Los Angeles - Granada Hills,SPA 2 - San Fernando,7421,20088990.9599609,20750.4595212886
06037111204,43,1825,2.4,District 3,Los Angeles - Porter Ranch,SPA 2 - San Fernando,7422,35796838.0058594,25671.7621448083
06037111205,21,1344,1.6,District 3,Los Angeles - Northridge,SPA 2 - San Fernando,7423,12510977.3164062,14704.3464082662
06037111206,17,1364,1.2,District 3,Los Angeles - Porter Ranch,SPA 2 - San Fernando,7424,28254587.3808594,24017.9955238273
06037111302,176,1757,10,District 3,Los Angeles - Northridge,SPA 2 - San Fernando,7425,16688621.9257812,17841.3257248712
06037111303,0,1449,0,District 3,Los Angeles - Granada Hills,SPA 2 - San Fernando,7426,16839648.4707031,18128.3784563807
06037111304,12,1344,0.9,District 3,Los Angeles - Granada Hills,SPA 2 - San Fernando,7427,4698362.54492188,8760.47577129834
06037111401,32,686,4.7,District 3,Los Angeles - North Hills,SPA 2 - San Fernando,7428,9088755.96191406,12350.6903806317
06037111402,449,2158,20.8,District 3,Los Angeles - Granada Hills,SPA 2 - San Fernando,7429,10445291.0800781,13232.4831879952
06037113101,87,1198,7.3,District 3,Los Angeles - Chatsworth,SPA 2 - San Fernando,7430,24470864.6025391,21320.4415956716
06037113102,17,1036,1.6,District 3,Los Angeles - Chatsworth,SPA 2 - San Fernando,7431,39188167.3203125,24707.0824296264
06037113211,49,1624,3,District 3,Los Angeles - Chatsworth,SPA 2 - San Fernando,7432,78523164.8056641,37624.866444185
06037113212,25,972,2.6,District 3,Los Angeles - Chatsworth,SPA 2 - San Fernando,7433,10616259.8193359,14122.7447933869
06037113213,40,1725,2.3,District 3,Los Angeles - Chatsworth,SPA 2 - San Fernando,7434,13967351.8974609,16838.9201584259
06037113231,15,850,1.8,District 3,Unincorporated - West Chatsworth,SPA 2 - San Fernando,7435,44809082.1621094,42106.6200250577
06037113232,0,1539,0,District 3,Los Angeles - West Hills,SPA 2 - San Fernando,7436,22012355.6738281,23299.9135753035
06037113234,104,1665,6.2,District 3,Los Angeles - Canoga Park,SPA 2 - San Fernando,7437,10966615.4716797,16773.9241021886
06037113235,6,677,0.9,District 3,Unincorporated - Lake Manor,SPA 2 - San Fernando,7438,14701757.3330078,28345.5687204172
06037113237,80,1551,5.2,District 3,Los Angeles - Chatsworth,SPA 2 - San Fernando,7439,51197742.8515625,36157.595351314
06037113238,101,1445,7,District 3,Los Angeles - Canoga Park,SPA 2 - San Fernando,7440,7593954.89648438,10850.4038664315
06037113239,173,857,20.2,District 3,Los Angeles - Canoga Park,SPA 2 - San Fernando,7441,4738085.32226562,9738.9775847419
06037113301,200,1637,12.2,District 3,Los Angeles - Northridge,SPA 2 - San Fernando,7442,24238364.2373047,22493.9283676644
06037113303,57,1355,4.2,District 3,Los Angeles - Chatsworth,SPA 2 - San Fernando,7443,44020903.9667969,30964.7177926767
06037113322,98,1540,6.4,District 3,Los Angeles - Chatsworth,SPA 2 - San Fernando,7444,19184402.5439453,20113.5046411879
06037113323,74,1487,5,District 3,Los Angeles - Chatsworth,SPA 2 - San Fernando,7445,7772517.08984375,11011.5180617902
06037113324,59,995,5.9,District 3,Los Angeles - Chatsworth,SPA 2 - San Fernando,7446,3492130.75585938,7928.50910219711
06037113423,16,868,1.8,District 3,Los Angeles - Winnetka,SPA 2 - San Fernando,7447,7649753.99804688,11075.1134184283
06037113424,103,1087,9.5,District 3,Los Angeles - Northridge,SPA 2 - San Fernando,7448,18738326.0625,20657.6485127715
06037113425,94,1346,7,District 3,Los Angeles - Canoga Park,SPA 2 - San Fernando,7449,3667047.21777344,7971.43452624458
06037113426,29,735,3.9,District 3,Los Angeles - Winnetka,SPA 2 - San Fernando,7450,20184714.2148438,21371.7608774686
06037113427,75,936,8,District 3,Los Angeles - Winnetka,SPA 2 - San Fernando,7451,2806211.79980469,9023.97078059514
06037113428,26,1101,2.4,District 3,Los Angeles - Winnetka,SPA 2 - San Fernando,7452,13673423.4267578,15162.190339531
06037115101,178,1866,9.5,District 3,Los Angeles - Northridge,SPA 2 - San Fernando,7453,41812047.5722656,26388.3516778952
06037115103,0,14,0,District 3,Los Angeles - Northridge,SPA 2 - San Fernando,7454,16329320.5546875,22141.5749947959
06037117407,114,1006,11.3,District 3,Los Angeles - North Hills,SPA 2 - San Fernando,7455,2148931.08203125,5890.47601747233
06037115104,242,1984,12.2,District 3,Los Angeles - Northridge,SPA 2 - San Fernando,7456,10987102.3017578,20179.6195833099
06037115202,118,2077,5.7,District 3,Los Angeles - Northridge,SPA 2 - San Fernando,7457,18737607.28125,18731.2743124842
06037115203,174,1010,17.2,District 3,Los Angeles - Northridge,SPA 2 - San Fernando,7458,6509971.80566406,13182.0938297827
06037115204,89,1669,5.3,District 3,Los Angeles - Northridge,SPA 2 - San Fernando,7459,8315380.18847656,12879.1262027384
06037115301,76,1647,4.6,District 3,Los Angeles - Northridge,SPA 2 - San Fernando,7460,17666228.5517578,21836.1221048297
06037115302,55,1052,5.2,District 3,Los Angeles - Northridge,SPA 2 - San Fernando,7461,9022175.24902344,12561.1588465603
06037115401,118,1909,6.2,District 3,Los Angeles - Northridge,SPA 2 - San Fernando,7462,20506906.8222656,20433.093069866
06037115403,98,1081,9.1,District 3,Los Angeles - Northridge,SPA 2 - San Fernando,7463,7553347.38378906,11099.6580083453
06037115404,12,844,1.4,District 3,Los Angeles - Northridge,SPA 2 - San Fernando,7464,10269140.5927734,13011.3503916569
06037117101,82,1490,5.5,District 3,Los Angeles - North Hills,SPA 2 - San Fernando,7465,8417799.51367188,11698.7786092424
06037117102,16,805,2,District 3,Los Angeles - North Hills,SPA 2 - San Fernando,7466,11085612.2382812,13712.4089498802
06037117201,234,1195,19.6,District 3,Los Angeles - North Hills,SPA 2 - San Fernando,7467,8548198.58984375,13679.0981391811
06037117202,170,945,18,District 3,Los Angeles - North Hills,SPA 2 - San Fernando,7468,19495302.2011719,18086.1266353396
06037117301,20,1146,1.7,District 3,Los Angeles - North Hills,SPA 2 - San Fernando,7469,14300314.5722656,16164.7232629359
06037117302,136,1603,8.5,District 3,Los Angeles - Northridge,SPA 2 - San Fernando,7470,22083316.9804688,26163.4458001691
06037117303,7,1182,0.6,District 3,Los Angeles - North Hills,SPA 2 - San Fernando,7471,19439671.8300781,18085.4491752125
06037117404,29,1403,2.1,District 3,Los Angeles - North Hills,SPA 2 - San Fernando,7472,19003941.5058594,17700.6501587909
06037117405,69,826,8.4,District 3,Los Angeles - North Hills,SPA 2 - San Fernando,7473,2175619.73242188,5942.66415755958
06037117408,49,746,6.6,District 3,Los Angeles - North Hills,SPA 2 - San Fernando,7474,4052405.31640625,8246.91622628933
06037117510,95,1062,8.9,District 3,Los Angeles - North Hills,SPA 2 - San Fernando,7475,3630267.36230469,8174.74177678373
06037127520,243,1467,16.6,District 3,Los Angeles - Van Nuys,SPA 2 - San Fernando,7476,3908348.79003906,7974.71713669489
06037117520,96,1050,9.1,District 3,Los Angeles - North Hills,SPA 2 - San Fernando,7477,3460512.1015625,7761.73009304352
06037117530,309,1722,17.9,District 3,Los Angeles - North Hills,SPA 2 - San Fernando,7478,6033893.43359375,9945.46260076696
06037119001,52,1031,5,District 3,Los Angeles - Arleta,SPA 2 - San Fernando,7479,11577313.0166016,13962.1321034393
06037119003,16,826,1.9,District 3,Los Angeles - Arleta,SPA 2 - San Fernando,7480,9152043.43261719,12877.0119564235
06037119004,63,681,9.3,District 3,Los Angeles - Arleta,SPA 2 - San Fernando,7481,9171707.16894531,12938.0203471215
06037119201,110,869,12.7,District 3,Los Angeles - Arleta,SPA 2 - San Fernando,7482,10255257.7890625,12946.5449136098
06037119202,8,1136,0.7,District 3,Los Angeles - Arleta,SPA 2 - San Fernando,7483,10447385.4492188,16853.7463033923
06037119310,274,1244,22,District 3,Los Angeles - Panorama City,SPA 2 - San Fernando,7484,4722462.24414062,10015.2494252206
06037119320,102,1300,7.8,District 3,Los Angeles - Panorama City,SPA 2 - San Fernando,7485,5316856.91015625,9350.18475167637
06037119340,126,1008,12.5,District 3,Los Angeles - Panorama City,SPA 2 - San Fernando,7486,1314702.02246094,4632.2786816104
06037190101,256,1200,21.3,District 3,Los Angeles - Hollywood,SPA 4 - Metro,7487,2408287.25488281,6809.25485633835
06037119341,125,871,14.4,District 3,Los Angeles - Panorama City,SPA 2 - San Fernando,7488,3525028.25683594,8359.24792257374
06037119342,33,783,4.2,District 3,Los Angeles - Panorama City,SPA 2 - San Fernando,7489,2358150.67871094,6104.94342689664
06037119400,21,1102,1.9,District 3,Los Angeles - Arleta,SPA 2 - San Fernando,7490,12059419.3027344,14162.6437061602
06037119700,49,1313,3.7,District 3,Los Angeles - Panorama City,SPA 2 - San Fernando,7491,14175400.0488281,20291.4578239369
06037119801,0,623,0,District 3,Los Angeles - Arleta,SPA 2 - San Fernando,7492,6592586.7265625,11988.3605192723
06037119802,61,799,7.6,District 3,Los Angeles - Arleta,SPA 2 - San Fernando,7493,6776188.16894531,12322.1478735107
06037119900,27,1246,2.2,District 3,Los Angeles - Panorama City,SPA 2 - San Fernando,7494,11327616.8232422,14582.8676229843
06037120010,42,758,5.5,District 3,Los Angeles - Panorama City,SPA 2 - San Fernando,7495,6102212.85742188,10220.1577461973
06037120020,59,1271,4.6,District 3,Los Angeles - Panorama City,SPA 2 - San Fernando,7496,5732451.13769531,12179.8855613555
06037120030,92,700,13.1,District 3,Los Angeles - Panorama City,SPA 2 - San Fernando,7497,4042047.8671875,8097.73016376082
06037120103,177,840,21.1,District 3,Los Angeles - Panorama City,SPA 2 - San Fernando,7498,1531762.02832031,5627.79127505732
06037120104,124,819,15.1,District 3,Los Angeles - Panorama City,SPA 2 - San Fernando,7499,4855892.52539062,10161.9713182063
06037120105,162,850,19.1,District 3,Los Angeles - Panorama City,SPA 2 - San Fernando,7500,5888904.734375,15689.314364314
06037120106,104,1315,7.9,District 3,Los Angeles - Panorama City,SPA 2 - San Fernando,7501,2207511.56640625,6070.97086096416
06037120107,113,1115,10.1,District 3,Los Angeles - Panorama City,SPA 2 - San Fernando,7502,2219500.23632812,6074.74853419652
06037120108,86,1418,6.1,District 3,Los Angeles - Panorama City,SPA 2 - San Fernando,7503,4153196.15625,8437.98289394272
06037120300,130,1530,8.5,District 3,Los Angeles - Panorama City,SPA 2 - San Fernando,7504,18625291.3535156,18461.2612622082
06037120400,236,2101,11.2,District 3,Los Angeles - Panorama City,SPA 2 - San Fernando,7505,11342990.4765625,17252.7318832221
06037121010,78,1181,6.6,District 3,Los Angeles - Sun Valley,SPA 2 - San Fernando,7506,21938724.671875,19439.9494676312
06037121020,111,1039,10.7,District 3,Los Angeles - North Hollywood,SPA 2 - San Fernando,7507,8862824.78417969,13123.5941471133
06037121101,49,1014,4.8,District 5,Los Angeles - Sun Valley,SPA 2 - San Fernando,7508,5017307.97949219,10718.7901865933
06037121102,50,756,6.6,District 5,Los Angeles - Sun Valley,SPA 2 - San Fernando,7509,81202249.6660156,37430.5187178532
06037121210,72,812,8.9,District 3,Los Angeles - Sun Valley,SPA 2 - San Fernando,7510,21747744.5908203,18363.6100051393
06037121221,14,516,2.7,District 3,Los Angeles - Sun Valley,SPA 2 - San Fernando,7511,5368645.64160156,11031.146326153
06037121222,127,1236,10.3,District 3,Los Angeles - Sun Valley,SPA 2 - San Fernando,7512,14360591.9746094,18205.7288325714
06037121600,88,781,11.3,District 3,Los Angeles - North Hollywood,SPA 2 - San Fernando,7513,12226265.6533203,16319.3464513318
06037121801,103,1196,8.6,District 3,Los Angeles - North Hollywood,SPA 2 - San Fernando,7514,5227906.45019531,10560.2130508561
06037121802,104,714,14.6,District 3,Los Angeles - North Hollywood,SPA 2 - San Fernando,7515,10313355.2363281,14870.6940835396
06037121900,33,1052,3.1,District 3,Los Angeles - Sun Valley,SPA 2 - San Fernando,7516,18151567.5419922,20085.6741084267
06037122000,86,1576,5.5,District 3,Los Angeles - North Hollywood,SPA 2 - San Fernando,7517,35127759.9345703,30433.9930769397
06037122120,77,1212,6.4,District 3,Los Angeles - Sun Valley,SPA 2 - San Fernando,7518,7747526.69824219,13223.7253331005
06037122121,58,794,7.3,District 3,Los Angeles - Sun Valley,SPA 2 - San Fernando,7519,4433690.19335938,11866.0072105158
06037122122,102,709,14.4,District 3,Los Angeles - Sun Valley,SPA 2 - San Fernando,7520,11169110.2080078,15319.4321170358
06037122200,34,837,4.1,District 5,Los Angeles - Sun Valley,SPA 2 - San Fernando,7521,18360451.8066406,19414.8134591679
06037122410,101,1223,8.3,District 3,Los Angeles - North Hollywood,SPA 2 - San Fernando,7522,7614170.00878906,11116.6767570807
06037122420,61,1285,4.7,District 3,Los Angeles - North Hollywood,SPA 2 - San Fernando,7523,9284627.34765625,12386.8026293559
06037123010,36,976,3.7,District 3,Los Angeles - Sun Valley,SPA 2 - San Fernando,7524,10934072.2714844,13636.3926211672
06037123020,48,694,6.9,District 3,Los Angeles - Sun Valley,SPA 2 - San Fernando,7525,6044749.9375,9824.42748679698
06037123103,63,1603,3.9,District 5,Los Angeles - North Hollywood,SPA 2 - San Fernando,7526,9700340.046875,13343.6271318178
06037123104,154,1626,9.5,District 5,Los Angeles - North Hollywood,SPA 2 - San Fernando,7527,8398918.35742188,11502.4211608533
06037123203,79,1016,7.8,District 3,Los Angeles - North Hollywood,SPA 2 - San Fernando,7528,6324973.65136719,12755.8725288864
06037123204,85,1044,8.1,District 3,Los Angeles - North Hollywood,SPA 2 - San Fernando,7529,3489441.03222656,7926.03436282145
06037123205,22,769,2.9,District 3,Los Angeles - North Hollywood,SPA 2 - San Fernando,7530,8155803.26855469,11532.5866906348
06037123206,88,816,10.8,District 3,Los Angeles - North Hollywood,SPA 2 - San Fernando,7531,6488814.03417969,10269.8069203341
06037123301,116,1692,6.9,District 3,Los Angeles - North Hollywood,SPA 2 - San Fernando,7532,14044397.7158203,17672.2348690356
06037123303,110,874,12.6,District 3,Los Angeles - North Hollywood,SPA 2 - San Fernando,7533,6799869.65917969,13016.2516740511
06037123304,381,1802,21.1,District 3,Los Angeles - North Hollywood,SPA 2 - San Fernando,7534,9447370.32324219,13402.3495508187
06037123410,209,1220,17.1,District 3,Los Angeles - North Hollywood,SPA 2 - San Fernando,7535,5327906.84667969,9495.32660654228
06037123420,225,1549,14.5,District 3,Los Angeles - Valley Glen,SPA 2 - San Fernando,7536,8476029.85058594,14726.8571740902
06037123510,257,1601,16.1,District 3,Los Angeles - Van Nuys,SPA 2 - San Fernando,7537,8603575.37597656,12258.4799587289
06037123520,10,776,1.3,District 3,Los Angeles - Valley Glen,SPA 2 - San Fernando,7538,5504854.453125,12484.6591107765
06037123601,105,1933,5.4,District 3,Los Angeles - Valley Glen,SPA 2 - San Fernando,7539,16517551.7255859,18181.9327502049
06037123602,194,1201,16.2,District 3,Los Angeles - Valley Glen,SPA 2 - San Fernando,7540,9916166.48632812,14181.4964237375
06037123700,224,1737,12.9,District 3,Los Angeles - North Hollywood,SPA 2 - San Fernando,7541,10250516.9980469,13103.9322408975
06037123800,356,2275,15.6,District 3,Los Angeles - North Hollywood,SPA 2 - San Fernando,7542,13919787.9189453,17428.7067572039
06037123901,34,1466,2.3,District 3,Los Angeles - North Hollywood,SPA 2 - San Fernando,7543,13875662.3837891,15019.32017585
06037123902,26,1100,2.4,District 5,Los Angeles - North Hollywood,SPA 2 - San Fernando,7544,7141609.65429688,11686.0132686263
06037124000,168,2190,7.7,District 5,Los Angeles - Valley Village,SPA 2 - San Fernando,7545,14496033.2666016,16685.9094325059
06037124102,72,1501,4.8,District 5,Los Angeles - North Hollywood,SPA 2 - San Fernando,7546,6987058.81933594,10573.0606834977
06037124103,63,567,11.1,District 3,Los Angeles - North Hollywood,SPA 2 - San Fernando,7547,3486434.33398438,7921.9754361806
06037124104,129,1060,12.2,District 5,Los Angeles - North Hollywood,SPA 2 - San Fernando,7548,3492293.15917969,7927.11640188863
06037124105,100,839,11.9,District 5,Los Angeles - North Hollywood,SPA 2 - San Fernando,7549,3493092.95019531,7929.038325372
06037124201,31,1085,2.9,District 5,Los Angeles - North Hollywood,SPA 2 - San Fernando,7550,10468066.3359375,13209.6368142491
06037124203,85,797,10.7,District 5,Los Angeles - North Hollywood,SPA 2 - San Fernando,7551,3490837.5546875,7927.0976687992
06037124204,111,1040,10.7,District 5,Los Angeles - North Hollywood,SPA 2 - San Fernando,7552,3491071.05078125,7925.26139134871
06037124300,90,1268,7.1,District 5,Los Angeles - North Hollywood,SPA 2 - San Fernando,7553,9590084.12109375,12560.906802409
06037124400,126,1639,7.7,District 3,Los Angeles - North Hollywood,SPA 2 - San Fernando,7554,10416361.8662109,13080.2384753725
06037124500,77,1256,6.1,District 3,Los Angeles - Sherman Oaks,SPA 2 - San Fernando,7555,8816160.09277344,14044.0644392235
06037124600,29,1312,2.2,District 3,Los Angeles - Sherman Oaks,SPA 2 - San Fernando,7556,12032142.8330078,14288.9997994529
06037124700,103,2538,4.1,District 3,Los Angeles - Sherman Oaks,SPA 2 - San Fernando,7557,14717341.7050781,17847.4516777833
06037124902,192,1506,12.7,District 5,Los Angeles - Valley Village,SPA 2 - San Fernando,7558,3655267.71582031,8060.47178135223
06037124903,127,1669,7.6,District 5,Los Angeles - Valley Village,SPA 2 - San Fernando,7559,3341025.85644531,7810.2031865543
06037125101,66,2252,2.9,District 5,Los Angeles - Valley Village,SPA 2 - San Fernando,7560,6993775.37011719,10577.5914050794
06037125102,0,928,0,District 5,Los Angeles - Valley Village,SPA 2 - San Fernando,7561,6983782.57910156,10570.9031704514
06037125200,131,1980,6.6,District 5,Los Angeles - Valley Village,SPA 2 - San Fernando,7562,14025049.8710938,15858.5600024556
06037125310,33,2100,1.6,District 5,Los Angeles - North Hollywood,SPA 2 - San Fernando,7563,11345426.9960938,19246.4454252297
06037125321,111,1449,7.7,District 5,Los Angeles - North Hollywood,SPA 2 - San Fernando,7564,2794430.71386719,6880.71698936718
06037125322,440,1543,28.5,District 5,Los Angeles - North Hollywood,SPA 2 - San Fernando,7565,4016692.21972656,8863.49463806969
06037125404,186,1758,10.6,District 5,Los Angeles - North Hollywood,SPA 2 - San Fernando,7566,2465982.47558594,8590.47462477878
06037125402,67,2028,3.3,District 5,Los Angeles - North Hollywood,SPA 2 - San Fernando,7567,7870336.81152344,11261.8643960315
06037125403,117,1526,7.7,District 5,Los Angeles - North Hollywood,SPA 2 - San Fernando,7568,1812286.28808594,6036.39269321772
06037125501,193,1648,11.7,District 5,Los Angeles - North Hollywood,SPA 2 - San Fernando,7569,4997337.83105469,9227.59643860236
06037125502,189,1953,9.7,District 5,Los Angeles - Toluca Lake,SPA 2 - San Fernando,7570,5667867.68945312,9620.83266373234
06037125600,12,1294,0.9,District 5,Los Angeles - Toluca Woods,SPA 2 - San Fernando,7571,10980245.7148438,14762.5143602447
06037127102,107,1596,6.7,District 3,Los Angeles - Van Nuys,SPA 2 - San Fernando,7572,9245400.71582031,12295.9997805195
06037127103,49,1328,3.7,District 3,Los Angeles - Van Nuys,SPA 2 - San Fernando,7573,3094236.27929688,7528.84523775603
06037127104,98,1403,7,District 3,Los Angeles - Van Nuys,SPA 2 - San Fernando,7574,7664571.44335938,11264.995246141
06037127210,261,1898,13.8,District 3,Los Angeles - Van Nuys,SPA 2 - San Fernando,7575,16562017.9599609,19659.8297555775
06037127220,370,1694,21.8,District 3,Los Angeles - Van Nuys,SPA 2 - San Fernando,7576,7041150.37597656,10593.4498100944
06037127300,90,1430,6.3,District 3,Los Angeles - Van Nuys,SPA 2 - San Fernando,7577,11463045.1748047,15054.0715200536
06037127400,342,1940,17.6,District 3,Los Angeles - Van Nuys,SPA 2 - San Fernando,7578,23325863.9951172,25020.8935618826
06037127603,55,897,6.1,District 3,Los Angeles - Lake Balboa,SPA 2 - San Fernando,7579,4663222.81933594,9720.50597744387
06037127604,145,1524,9.5,District 3,Los Angeles - Lake Balboa,SPA 2 - San Fernando,7580,4661902.93554688,9870.07215328037
06037127605,180,1190,15.1,District 3,Los Angeles - Lake Balboa,SPA 2 - San Fernando,7581,6980882.93652344,10568.6402976943
06037127606,91,1108,8.2,District 3,Los Angeles - Lake Balboa,SPA 2 - San Fernando,7582,5874677.68359375,9732.35857510905
06037127711,0,1185,0,District 3,Los Angeles - Van Nuys,SPA 2 - San Fernando,7583,10174730.4658203,13541.6901077778
06037127712,123,1566,7.9,District 3,Los Angeles - Van Nuys,SPA 2 - San Fernando,7584,6130171.12792969,9823.67817395044
06037127803,253,1640,15.4,District 3,Los Angeles - Van Nuys,SPA 2 - San Fernando,7585,6890571.51855469,10517.379763811
06037127804,196,1652,11.9,District 3,Los Angeles - Van Nuys,SPA 2 - San Fernando,7586,6868927.5625,10483.5683025492
06037127805,199,1144,17.4,District 3,Los Angeles - Van Nuys,SPA 2 - San Fernando,7587,6614220.41796875,13204.8262740943
06037127806,101,1292,7.8,District 3,Los Angeles - Van Nuys,SPA 2 - San Fernando,7588,7353268.58789062,13484.5339045153
06037127910,201,1574,12.8,District 3,Los Angeles - Van Nuys,SPA 2 - San Fernando,7589,6989137.45117188,10580.198619036
06037127920,114,1511,7.5,District 3,Los Angeles - Van Nuys,SPA 2 - San Fernando,7590,6982341.02441406,10569.2060481257
06037128101,85,1113,7.6,District 3,Los Angeles - Valley Glen,SPA 2 - San Fernando,7591,6984145.00878906,10570.757196977
06037128102,103,1570,6.6,District 3,Los Angeles - Van Nuys,SPA 2 - San Fernando,7592,6983390.89257812,10570.6966405274
06037128210,220,1588,13.9,District 3,Los Angeles - Van Nuys,SPA 2 - San Fernando,7593,5919213.0234375,9764.43739718782
06037128220,129,1240,10.4,District 3,Los Angeles - Valley Glen,SPA 2 - San Fernando,7594,5997641.55371094,10037.1332067635
06037128302,126,1450,8.7,District 3,Los Angeles - Van Nuys,SPA 2 - San Fernando,7595,7414446.90625,12437.5239279036
06037128303,161,1144,14.1,District 3,Los Angeles - Van Nuys,SPA 2 - San Fernando,7596,4455088.68164062,9765.85862957693
06037128400,26,1870,1.4,District 3,Los Angeles - Sherman Oaks,SPA 2 - San Fernando,7597,18646159.8535156,22560.5558965062
06037128500,216,2232,9.7,District 3,Los Angeles - Sherman Oaks,SPA 2 - San Fernando,7598,10467036.7177734,13208.3704425333
06037128601,78,1771,4.4,District 3,Los Angeles - Sherman Oaks,SPA 2 - San Fernando,7599,7321239.76074219,13837.7078898344
06037128602,27,1219,2.2,District 3,Los Angeles - Sherman Oaks,SPA 2 - San Fernando,7600,12209123.1132812,14527.213471879
06037128703,56,1649,3.4,District 3,Los Angeles - Sherman Oaks,SPA 2 - San Fernando,7601,8810829.06347656,11742.4481063908
06037128704,84,969,8.7,District 3,Los Angeles - Sherman Oaks,SPA 2 - San Fernando,7602,8972420.95019531,12103.1872446316
06037128801,32,2012,1.6,District 3,Los Angeles - Sherman Oaks,SPA 2 - San Fernando,7603,5203157.265625,9434.476580706
06037128802,239,2112,11.3,District 3,Los Angeles - Sherman Oaks,SPA 2 - San Fernando,7604,10467798.9707031,13207.6759189899
06037128910,33,1827,1.8,District 3,Los Angeles - Sherman Oaks,SPA 2 - San Fernando,7605,14370378.1630859,17392.2570866779
06037131021,226,985,22.9,District 3,Los Angeles - Reseda,SPA 2 - San Fernando,7606,6073826.87597656,10587.1365316538
06037131022,93,1002,9.3,District 3,Los Angeles - Reseda,SPA 2 - San Fernando,7607,5429101.01464844,10053.9723298007
06037131023,13,829,1.6,District 3,Los Angeles - Reseda,SPA 2 - San Fernando,7608,6331632.88769531,10094.9901141524
06037131024,54,1114,4.8,District 3,Los Angeles - Reseda,SPA 2 - San Fernando,7609,9118250.62304688,12239.292692934
06037131100,48,1076,4.5,District 3,Los Angeles - Lake Balboa,SPA 2 - San Fernando,7610,11864796.7861328,14173.5116959368
06037131200,25,1196,2.1,District 3,Los Angeles - Northridge,SPA 2 - San Fernando,7611,12145468.0761719,14480.9899697937
06037131300,58,1169,5,District 3,Los Angeles - Reseda,SPA 2 - San Fernando,7612,12032453.0322266,14396.2251087025
06037131400,107,1714,6.2,District 3,Los Angeles - Reseda,SPA 2 - San Fernando,7613,11915892.7900391,14307.2204390775
06037131600,85,1306,6.5,District 3,Los Angeles - Reseda Ranch,SPA 2 - San Fernando,7614,23559471.7636719,19403.9129128438
06037131701,116,1867,6.2,District 3,Los Angeles - Reseda,SPA 2 - San Fernando,7615,7099637.32128906,10658.4785861577
06037131702,45,1210,3.7,District 3,Los Angeles - Reseda,SPA 2 - San Fernando,7616,7771595.11230469,11154.7315560584
06037131801,163,938,17.4,District 3,Los Angeles - Reseda,SPA 2 - San Fernando,7617,7063739.49316406,10631.4345331568
06037131802,48,806,6,District 3,Los Angeles - Reseda,SPA 2 - San Fernando,7618,7096069.90820312,10655.798180293
06037131900,0,1375,0,District 3,Los Angeles - Lake Balboa,SPA 2 - San Fernando,7619,14187245.7880859,15934.6484817546
06037132001,88,1192,7.4,District 3,Los Angeles - Lake Balboa,SPA 2 - San Fernando,7620,10424529.9550781,13176.7226411452
06037132002,0,1156,0,District 3,Los Angeles - Lake Balboa,SPA 2 - San Fernando,7621,17223436.4570312,21045.8254309845
06037132101,45,1597,2.8,District 3,Los Angeles - Lake Balboa,SPA 2 - San Fernando,7622,8723771.46386719,11887.8820798589
06037132102,265,2142,12.4,District 3,Los Angeles - Lake Balboa,SPA 2 - San Fernando,7623,14599727.9990234,18690.0007897331
06037132301,242,1358,17.8,District 3,Los Angeles - Reseda,SPA 2 - San Fernando,7624,6792462.15429688,13144.340045895
06037132302,36,948,3.8,District 3,Los Angeles - Reseda,SPA 2 - San Fernando,7625,6970676.29492188,13199.8555965122
06037132501,31,1308,2.4,District 3,Los Angeles - Reseda,SPA 2 - San Fernando,7626,7580198.86230469,11007.9146517949
06037132502,83,1319,6.3,District 3,Los Angeles - Reseda,SPA 2 - San Fernando,7627,6813829.42675781,10928.7589837729
06037132700,174,1696,10.3,District 3,Los Angeles - Reseda,SPA 2 - San Fernando,7628,14206216.0341797,15685.493849823
06037132900,67,1305,5.1,District 3,Los Angeles - Reseda,SPA 2 - San Fernando,7629,12974677.7480469,18087.0890943737
06037133000,37,1386,2.7,District 3,Los Angeles - Reseda,SPA 2 - San Fernando,7630,10838546.6240234,14143.6024593679
06037133101,25,634,3.9,District 3,Los Angeles - Reseda,SPA 2 - San Fernando,7631,7116624.65625,10968.5596708119
06037133102,236,1310,18,District 3,Los Angeles - Reseda,SPA 2 - San Fernando,7632,9208922.93652344,12060.5090308976
06037134001,42,907,4.6,District 3,Los Angeles - Canoga Park,SPA 2 - San Fernando,7633,6275474.11816406,12140.5487161336
06037134002,81,1217,6.7,District 3,Los Angeles - Winnetka,SPA 2 - San Fernando,7634,8228881.40722656,13601.0423737108
06037134101,28,1378,2,District 3,Los Angeles - Winnetka,SPA 2 - San Fernando,7635,11471143.3398438,13966.1230638992
06037134103,161,1314,12.3,District 3,Los Angeles - Winnetka,SPA 2 - San Fernando,7636,11265887.6318359,17398.4911248243
06037134104,55,1325,4.2,District 3,Los Angeles - Winnetka,SPA 2 - San Fernando,7637,6973918.33984375,10562.5437194973
06037134201,0,1302,0,District 3,Los Angeles - Canoga Park,SPA 2 - San Fernando,7638,15828437.0488281,16417.6474940524
06037134302,155,1403,11,District 3,Los Angeles - West Hills,SPA 2 - San Fernando,7639,14067419.6679688,15258.5727647081
06037134303,30,1939,1.5,District 3,Los Angeles - Canoga Park,SPA 2 - San Fernando,7640,17073583.5146484,17156.5698571619
06037134304,30,919,3.3,District 3,Los Angeles - Canoga Park,SPA 2 - San Fernando,7641,10983003.2685547,13572.0912133493
06037134305,131,1197,10.9,District 3,Los Angeles - Canoga Park,SPA 2 - San Fernando,7642,3847935.06835938,8097.00837678478
06037190201,600,1567,38.3,District 3,Los Angeles - Hollywood,SPA 4 - Metro,7643,2414905.83105469,6702.51179208396
06037134306,66,1422,4.6,District 3,Los Angeles - Canoga Park,SPA 2 - San Fernando,7644,6671214.88671875,10337.3990599515
06037134421,61,1582,3.9,District 3,Los Angeles - West Hills,SPA 2 - San Fernando,7645,23249694.0478516,19067.9178079275
06037134422,80,1632,4.9,District 3,Los Angeles - West Hills,SPA 2 - San Fernando,7646,25041439.5273438,25361.6991487045
06037134423,200,1341,14.9,District 3,Los Angeles - West Hills,SPA 2 - San Fernando,7647,16881769.3984375,18387.0327940905
06037134424,14,1049,1.3,District 3,Los Angeles - West Hills,SPA 2 - San Fernando,7648,39659478.8994141,27004.5834792548
06037134520,282,1994,14.1,District 3,Los Angeles - Canoga Park,SPA 2 - San Fernando,7649,10410714.6914062,13162.3972500343
06037134521,118,763,15.5,District 3,Los Angeles - Canoga Park,SPA 2 - San Fernando,7650,3797111.12890625,8182.96707843536
06037134522,117,1434,8.2,District 3,Los Angeles - Canoga Park,SPA 2 - San Fernando,7651,6612044.55957031,10272.338888747
06037134710,123,1578,7.8,District 3,Los Angeles - Winnetka,SPA 2 - San Fernando,7652,6140959.56152344,9944.67007857415
06037134720,136,1780,7.6,District 3,Los Angeles - Winnetka,SPA 2 - San Fernando,7653,10651197.9257812,13301.2920971342
06037134801,22,1132,1.9,District 3,Los Angeles - Winnetka,SPA 2 - San Fernando,7654,9864936.81054688,12990.9372144821
06037134802,52,872,6,District 3,Los Angeles - Winnetka,SPA 2 - San Fernando,7655,10211080.875,12881.7914236724
06037134901,5,1009,0.5,District 3,Los Angeles - Reseda,SPA 2 - San Fernando,7656,11386617.9316406,15163.5502044855
06037134904,104,1442,7.2,District 3,Los Angeles - Winnetka,SPA 2 - San Fernando,7657,11172450.5058594,15663.0385706639
06037134905,74,3012,2.5,District 3,Los Angeles - Woodland Hills,SPA 2 - San Fernando,7658,27819995.7714844,21977.536713972
06037134906,41,1146,3.6,District 3,Los Angeles - Canoga Park,SPA 2 - San Fernando,7659,1885234.13378906,7329.2003282035
06037134907,106,1910,5.5,District 3,Los Angeles - Canoga Park,SPA 2 - San Fernando,7660,4216468.50292969,9405.27927599135
06037135102,52,1284,4,District 3,Los Angeles - West Hills,SPA 2 - San Fernando,7661,17942127.3134766,18910.385553549
06037135111,53,1242,4.3,District 3,Los Angeles - Canoga Park,SPA 2 - San Fernando,7662,11197069.8417969,13433.3437630373
06037135113,81,1333,6.1,District 3,Los Angeles - Woodland Hills,SPA 2 - San Fernando,7663,6904515.11035156,13067.2956779062
06037135115,94,1679,5.6,District 3,Los Angeles - Woodland Hills,SPA 2 - San Fernando,7664,3603924.26757812,8171.35126875424
06037135116,195,1039,18.8,District 3,Los Angeles - Canoga Park,SPA 2 - San Fernando,7665,10079214.4667969,13024.3220023012
06037135201,29,870,3.3,District 3,Los Angeles - West Hills,SPA 2 - San Fernando,7666,16462038.7597656,18522.8882552643
06037135202,38,1525,2.5,District 3,Los Angeles - West Hills,SPA 2 - San Fernando,7667,18984751.7939453,17789.150321444
06037135204,0,1679,0,District 3,Los Angeles - West Hills,SPA 2 - San Fernando,7668,19985579.9570312,18644.5011372075
06037135205,0,770,0,District 3,Los Angeles - West Hills,SPA 2 - San Fernando,7669,28614430.7197266,24462.0919811204
06037137000,13,1734,0.7,District 3,Los Angeles - Woodland Hills,SPA 2 - San Fernando,7670,32554692.4345703,32427.8349319959
06037137103,78,2468,3.2,District 3,Los Angeles - Woodland Hills,SPA 2 - San Fernando,7671,8198246.75683594,11739.7151027382
06037137104,71,983,7.2,District 3,Los Angeles - Woodland Hills,SPA 2 - San Fernando,7672,27545341.3935547,23292.5628599652
06037137202,251,1392,18,District 3,Los Angeles - Woodland Hills,SPA 2 - San Fernando,7673,9423331.61523438,12952.7813920262
06037137203,50,804,6.2,District 3,Los Angeles - Woodland Hills,SPA 2 - San Fernando,7674,12090783.2177734,14492.1627321228
06037137301,0,768,0,District 3,Los Angeles - Woodland Hills,SPA 2 - San Fernando,7675,17235208.6601562,20112.8199315924
06037137302,8,1556,0.5,District 3,Los Angeles - Woodland Hills,SPA 2 - San Fernando,7676,26225229.5791016,24375.0722052211
06037137401,37,1690,2.2,District 3,Los Angeles - Woodland Hills,SPA 2 - San Fernando,7677,25691208.6914062,25174.1157836132
06037137402,115,2069,5.6,District 3,Los Angeles - Woodland Hills,SPA 2 - San Fernando,7678,32986560.4257812,29618.6509723725
06037137501,117,1981,5.9,District 3,Los Angeles - Woodland Hills,SPA 2 - San Fernando,7679,26943805.3681641,23995.9658720064
06037137502,90,1751,5.1,District 3,Los Angeles - Woodland Hills,SPA 2 - San Fernando,7680,22636838.4296875,19152.2935998599
06037137504,23,666,3.5,District 3,Los Angeles - Woodland Hills,SPA 2 - San Fernando,7681,41277317.3945312,32298.3241056787
06037138000,30,1867,1.6,District 3,Los Angeles - Woodland Hills,SPA 2 - San Fernando,7682,48095974.4814453,30901.3339312595
06037139001,27,2275,1.2,District 3,Los Angeles - Encino,SPA 2 - San Fernando,7683,13388296.3339844,17664.2362371407
06037139200,22,2310,1,District 3,Los Angeles - Encino,SPA 2 - San Fernando,7684,12294728.5292969,13946.3351498134
06037139301,55,1476,3.7,District 3,Los Angeles - Tarzana,SPA 2 - San Fernando,7685,30973940.1728516,26880.7374954634
06037139302,236,2031,11.6,District 3,Los Angeles - Tarzana,SPA 2 - San Fernando,7686,3643952.74609375,7958.20129081612
06037139303,389,2250,17.3,District 3,Los Angeles - Tarzana,SPA 2 - San Fernando,7687,4472695.75097656,9037.01289798014
06037139401,139,1118,12.4,District 3,Los Angeles - Tarzana,SPA 2 - San Fernando,7688,9822149.36523438,12394.0789706037
06037139402,5,955,0.5,District 3,Los Angeles - Tarzana,SPA 2 - San Fernando,7689,26588044.4589844,28064.6966543935
06037139502,80,1177,6.8,District 3,Los Angeles - Tarzana,SPA 2 - San Fernando,7690,11171287.4501953,16552.0074201164
06037139504,220,1827,12,District 3,Los Angeles - Encino,SPA 2 - San Fernando,7691,3106946.71777344,8097.41206736837
06037139505,370,1544,24,District 3,Los Angeles - Encino,SPA 2 - San Fernando,7692,1814371.67675781,6640.63265981453
06037139506,129,1503,8.6,District 3,Los Angeles - Encino,SPA 2 - San Fernando,7693,1968980.27929688,6279.63536291336
06037139600,166,2320,7.2,District 3,Los Angeles - Encino,SPA 2 - San Fernando,7694,26655855.3916016,20667.280128626
06037139701,157,2171,7.2,District 3,Los Angeles - Encino,SPA 2 - San Fernando,7695,36516758.7558594,32246.6429438949
06037139703,9,925,1,District 3,Los Angeles - Encino,SPA 2 - San Fernando,7696,51244719.3251953,39235.6430154353
06037139704,49,1028,4.8,District 3,Los Angeles - Encino,SPA 2 - San Fernando,7697,68275860.8525391,41927.1105639627
06037139705,52,1302,4,District 3,Los Angeles - Encino,SPA 2 - San Fernando,7698,32444079.0058594,36767.3990389627
06037139801,0,1234,0,District 3,Los Angeles - Tarzana,SPA 2 - San Fernando,7699,39346808.1269531,27312.5885744161
06037139802,0,1400,0,District 3,Los Angeles - Tarzana,SPA 2 - San Fernando,7700,64925677.6933594,45122.6357607474
06037141101,171,2352,7.3,District 3,Los Angeles - Sherman Oaks,SPA 2 - San Fernando,7701,8194002.02050781,11726.8577976547
06037141102,100,1398,7.2,District 3,Los Angeles - Sherman Oaks,SPA 2 - San Fernando,7702,8406401.58007812,15222.0125827536
06037141201,7,2238,0.3,District 3,Los Angeles - Sherman Oaks,SPA 2 - San Fernando,7703,7585711.6953125,12063.511215138
06037141202,16,1466,1.1,District 3,Los Angeles - Sherman Oaks,SPA 2 - San Fernando,7704,7587090.26269531,12201.3527134738
06037141303,255,1576,16.2,District 3,Los Angeles - Sherman Oaks,SPA 2 - San Fernando,7705,2866072.50488281,7091.73823108277
06037141304,179,1471,12.2,District 3,Los Angeles - Sherman Oaks,SPA 2 - San Fernando,7706,7478128.125,13831.6426306129
06037141305,90,1356,6.6,District 3,Los Angeles - Sherman Oaks,SPA 2 - San Fernando,7707,7457784.31933594,11405.7285801283
06037141306,106,1551,6.8,District 3,Los Angeles - Sherman Oaks,SPA 2 - San Fernando,7708,6502251.44921875,12090.4854544114
06037141400,295,2004,14.7,District 3,Los Angeles - Encino,SPA 2 - San Fernando,7709,21282997.5,19138.2703310191
06037141500,12,1133,1.1,District 3,Los Angeles - Encino,SPA 2 - San Fernando,7710,35511126.7451172,30210.2223196342
06037141600,56,1821,3.1,District 3,Los Angeles - Sherman Oaks,SPA 2 - San Fernando,7711,41998689.6347656,36002.1890523283
06037141700,9,1203,0.7,District 3,Los Angeles - Sherman Oaks,SPA 2 - San Fernando,7712,34863214.765625,29123.8861729777
06037143101,121,1100,11,District 5,Los Angeles - Toluca Lake,SPA 2 - San Fernando,7713,14595691.8369141,18180.6488007273
06037143102,51,1192,4.3,District 5,Los Angeles - Toluca Lake,SPA 2 - San Fernando,7714,4280402.77734375,8421.72724399349
06037143200,136,2114,6.4,District 5,Los Angeles - North Hollywood,SPA 2 - San Fernando,7715,10324169.9931641,13964.441205651
06037143301,69,1583,4.4,District 5,Los Angeles - Valley Village,SPA 2 - San Fernando,7716,6228281.80078125,13101.8972727282
06037143302,22,1637,1.3,District 5,Los Angeles - Studio City,SPA 2 - San Fernando,7717,11156481.3212891,16033.2483776748
06037143401,240,2337,10.3,District 3,Los Angeles - Sherman Oaks,SPA 2 - San Fernando,7718,11925260.3193359,14981.475039739
06037143402,11,791,1.4,District 5,Los Angeles - Sherman Oaks,SPA 2 - San Fernando,7719,6976385.06152344,10582.341327237
06037143500,50,2452,2,District 3,Los Angeles - Sherman Oaks,SPA 2 - San Fernando,7720,13476236.5869141,18716.4893868266
06037143602,120,2337,5.1,District 5,Los Angeles - Studio City,SPA 2 - San Fernando,7721,13047969.4511719,16639.81671729
06037143603,33,1375,2.4,District 5,Los Angeles - Studio City,SPA 2 - San Fernando,7722,5679363.89355469,13393.0704195339
06037143605,111,973,11.4,District 5,Los Angeles - North Hollywood,SPA 2 - San Fernando,7723,3482450.30859375,8221.0988857972
06037143606,62,1031,6,District 5,Los Angeles - Studio City,SPA 2 - San Fernando,7724,2705570.3046875,12274.6838063435
06037190102,166,1333,12.5,District 3,Los Angeles - Hollywood,SPA 4 - Metro,7725,4050079.62207031,8766.03716992767
06037143700,0,1786,0,District 5,Los Angeles - Hollywood Hills,SPA 2 - San Fernando,7726,35796201.25,32454.4530985892
06037143801,0,1404,0,District 5,Los Angeles - Studio City,SPA 2 - San Fernando,7727,15629506.6513672,19473.1063634233
06037143802,52,1057,4.9,District 5,Los Angeles - Studio City,SPA 2 - San Fernando,7728,12161826.9560547,27489.0871599685
06037143901,43,1655,2.6,District 3,Los Angeles - Studio City,SPA 2 - San Fernando,7729,56865348.7353516,39622.3607180267
06037143902,66,1415,4.7,District 3,Los Angeles - Sherman Oaks,SPA 2 - San Fernando,7730,27090992.1445312,30930.3254707115
06037181000,48,2105,2.3,District 1,Los Angeles - Eagle Rock,SPA 4 - Metro,7731,44448995.2373047,37014.5648686426
06037181300,38,1326,2.9,District 1,Los Angeles - Eagle Rock,SPA 4 - Metro,7732,15605643.6650391,19883.4936842375
06037181400,117,1658,7.1,District 1,Los Angeles - Eagle Rock,SPA 4 - Metro,7733,9425720.2890625,14270.3400046067
06037181500,83,1346,6.2,District 1,Los Angeles - Eagle Rock,SPA 4 - Metro,7734,11760770.4746094,17618.2451551652
06037181600,132,1088,12.1,District 1,Los Angeles - Eagle Rock,SPA 4 - Metro,7735,13360638.1923828,17197.1239041622
06037183101,76,1201,6.3,District 1,Los Angeles - Highland Park,SPA 4 - Metro,7736,10607809.5810547,16423.5444780478
06037183103,148,1663,8.9,District 1,Los Angeles - Highland Park,SPA 4 - Metro,7737,7244202.95703125,19003.0601467211
06037183104,47,783,6,District 1,Los Angeles - Highland Park,SPA 4 - Metro,7738,6726843.80664062,15127.0349605752
06037183220,62,1070,5.8,District 1,Los Angeles - Highland Park,SPA 4 - Metro,7739,5876242.41503906,12529.5624789228
06037183221,53,1126,4.7,District 1,Los Angeles - Eagle Rock,SPA 4 - Metro,7740,7556623.37792969,11919.9197292741
06037183222,100,1499,6.7,District 1,Los Angeles - Eagle Rock,SPA 4 - Metro,7741,9910024.88671875,16262.5267399764
06037183300,128,1084,11.8,District 1,Los Angeles - Eagle Rock,SPA 4 - Metro,7742,5867829.60449219,10063.0020623412
06037183401,64,827,7.7,District 1,Los Angeles - Eagle Rock,SPA 4 - Metro,7743,5344581.56738281,10175.2714040807
06037183402,64,1100,5.8,District 1,Los Angeles - Eagle Rock,SPA 4 - Metro,7744,5662655.35644531,10718.8176367185
06037183510,13,782,1.7,District 1,Los Angeles - Highland Park,SPA 4 - Metro,7745,5247216.66015625,10222.897935622
06037183520,104,1143,9.1,District 1,Los Angeles - Highland Park,SPA 4 - Metro,7746,4701674.38867188,9080.12718892787
06037183610,79,964,8.2,District 1,Los Angeles - Highland Park,SPA 4 - Metro,7747,4014651.39550781,9658.44906193657
06037183620,59,1060,5.6,District 1,Los Angeles - Highland Park,SPA 4 - Metro,7748,5605125.84863281,9297.16509945743
06037183701,164,1304,12.6,District 1,Los Angeles - Highland Park,SPA 4 - Metro,7749,5759863.95507812,12281.678369332
06037183702,52,1086,4.8,District 1,Los Angeles - Highland Park,SPA 4 - Metro,7750,9524021.35449219,16581.6977553201
06037183810,281,1547,18.2,District 1,Los Angeles - Highland Park,SPA 4 - Metro,7751,4841193.90429688,10223.5575324237
06037183820,151,1321,11.4,District 1,Los Angeles - Highland Park,SPA 4 - Metro,7752,3348964.75683594,10238.052525608
06037185101,75,1037,7.2,District 1,Los Angeles - Mt. Washington,SPA 4 - Metro,7753,8706618.6171875,16955.1758641551
06037185102,15,1443,1,District 1,Los Angeles - Mt. Washington,SPA 4 - Metro,7754,15935927.7666016,25632.9478986605
06037185202,144,1562,9.2,District 1,Los Angeles - Mt. Washington,SPA 4 - Metro,7755,13003386.1484375,16277.4176158213
06037185203,82,851,9.6,District 1,Los Angeles - Mt. Washington,SPA 4 - Metro,7756,5849916.3125,11295.9241067246
06037185204,38,722,5.3,District 1,Los Angeles - Mt. Washington,SPA 4 - Metro,7757,10302996.2949219,15511.2676608014
06037185310,81,869,9.3,District 1,Los Angeles - Mt. Washington,SPA 4 - Metro,7758,4461664.13867188,11883.4618369471
06037185320,109,955,11.4,District 1,Los Angeles - Elysian Valley,SPA 4 - Metro,7759,6087527.24902344,12706.7796331792
06037186100,71,1862,3.8,District 1,Los Angeles - Glassell Park,SPA 4 - Metro,7760,14122828.8632812,20374.1402029871
06037186201,205,1312,15.6,District 1,Los Angeles - Glassell Park,SPA 4 - Metro,7761,5351125.63867188,11939.7884138324
06037186202,84,760,11.1,District 1,Los Angeles - Glassell Park,SPA 4 - Metro,7762,4556332.90332031,10534.9440301859
06037186203,9,1056,0.9,District 1,Los Angeles - Glassell Park,SPA 4 - Metro,7763,9091855.96386719,15362.2422444835
06037186301,69,876,7.9,District 1,Los Angeles - Glassell Park,SPA 4 - Metro,7764,12733089.0224609,17741.0328826999
06037186302,28,1902,1.5,District 1,Los Angeles - Glassell Park,SPA 4 - Metro,7765,18285481.2539062,17522.4869268287
06037186401,97,868,11.2,District 1,Los Angeles - Glassell Park,SPA 4 - Metro,7766,10153015.2011719,17566.2362464373
06037186403,59,767,7.7,District 1,Los Angeles - Glassell Park,SPA 4 - Metro,7767,5905691.16308594,11856.9365900637
06037186404,48,776,6.2,District 1,Los Angeles - Glassell Park,SPA 4 - Metro,7768,4284252.16699219,8709.72383418129
06037187101,32,1270,2.5,District 1,Los Angeles - Atwater Village,SPA 4 - Metro,7769,8510001.00878906,12901.7977755606
06037187102,32,1613,2,District 1,Los Angeles - Atwater Village,SPA 4 - Metro,7770,23601872.3945312,38158.3867763569
06037187200,46,1075,4.3,District 1,Los Angeles - Silverlake,SPA 4 - Metro,7771,10210252.3798828,15467.5780244726
06037187300,106,1642,6.5,District 1,Los Angeles - Silverlake,SPA 4 - Metro,7772,12573329.3261719,19425.3950009604
06037188100,64,1909,3.4,District 1,Los Angeles - Atwater Village,SPA 4 - Metro,7773,22650892.640625,25920.701604253
06037188201,119,1653,7.2,District 5,Los Angeles - Los Feliz,SPA 4 - Metro,7774,8583742.65429688,16919.4880772849
06037188202,84,1299,6.5,District 5,Los Angeles - Los Feliz,SPA 4 - Metro,7775,8230132.95410156,11771.5390102855
06037188300,94,1354,6.9,District 1,Los Angeles - Atwater Village,SPA 4 - Metro,7776,9856462.60546875,12658.9739774197
06037189101,142,1259,11.3,District 5,Los Angeles - Los Feliz,SPA 4 - Metro,7777,4253805.29296875,8256.53598815412
06037189102,114,1949,5.8,District 5,Los Angeles - Los Feliz,SPA 4 - Metro,7778,6905576.16210938,12037.6426847835
06037189201,380,1759,21.6,District 5,Los Angeles - Los Feliz,SPA 4 - Metro,7779,3506033.15136719,7950.82396758761
06037189202,43,1415,3,District 5,Los Angeles - Los Feliz,SPA 4 - Metro,7780,11036873.8701172,16286.490262929
06037189300,84,1348,6.2,District 5,Los Angeles - Los Feliz,SPA 4 - Metro,7781,20565714.2177734,24814.6632437895
06037189400,27,1600,1.7,District 5,Los Angeles - Hollywood Hills,SPA 4 - Metro,7782,15507607.5380859,23706.4366035626
06037189501,119,1490,8,District 5,Los Angeles - Hollywood Hills,SPA 4 - Metro,7783,3813790.65332031,8060.13387485457
06037189502,357,1283,27.8,District 5,Los Angeles - Hollywood Hills,SPA 4 - Metro,7784,2663667.32617188,6911.33444770859
06037189600,168,2044,8.2,District 5,Los Angeles - Hollywood Hills,SPA 4 - Metro,7785,11513193.6728516,18537.8665848203
06037189702,224,1476,15.2,District 5,Los Angeles - Hollywood Hills,SPA 4 - Metro,7786,15623394.3701172,21310.4422758017
06037189703,58,1055,5.5,District 5,Los Angeles - Hollywood Hills,SPA 4 - Metro,7787,35757590.5947266,39992.7994355027
06037189704,7,977,0.7,District 5,Los Angeles - Hollywood Hills,SPA 4 - Metro,7788,11045948.9814453,22924.2420237803
06037189801,275,1499,18.3,District 3,Los Angeles - Hollywood,SPA 4 - Metro,7789,4463763.62402344,9921.86129698297
06037189802,43,1056,4.1,District 3,Los Angeles - Hollywood,SPA 4 - Metro,7790,3406698.64941406,7860.66123616276
06037189903,154,1647,9.4,District 3,Los Angeles - Hollywood,SPA 4 - Metro,7791,911068.451171875,4147.04329562706
06037189904,198,1553,12.7,District 3,Los Angeles - Hollywood,SPA 4 - Metro,7792,1717995.09667969,5282.07807479376
06037189905,161,1424,11.3,District 3,Los Angeles - Hollywood,SPA 4 - Metro,7793,2781471.50878906,6976.50492834329
06037189906,178,1537,11.6,District 3,Los Angeles - Hollywood,SPA 4 - Metro,7794,2180620.13964844,5943.03265162089
06037189907,202,1399,14.4,District 3,Los Angeles - Hollywood,SPA 4 - Metro,7795,1746419.55078125,5286.48412911842
06037190202,832,2086,39.9,District 3,Los Angeles - Hollywood,SPA 4 - Metro,7796,2268330.93457031,6272.84741623454
06037190302,178,1194,14.9,District 3,Los Angeles - Hollywood,SPA 4 - Metro,7797,2672677.89941406,9399.59072551885
06037190510,526,1725,30.5,District 3,Los Angeles - Hollywood,SPA 4 - Metro,7798,3431162.77050781,7980.93592233618
06037190303,644,1589,40.5,District 3,Los Angeles - Hollywood,SPA 4 - Metro,7799,1758851.83789062,5299.09654852019
06037190401,513,1626,31.5,District 1,Los Angeles - Thai Town,SPA 4 - Metro,7800,1794718.61816406,5352.38817033191
06037190402,75,1184,6.3,District 1,Los Angeles - Thai Town,SPA 4 - Metro,7801,1703419.56347656,5220.96261510701
06037190520,368,1526,24.1,District 1,Los Angeles - Thai Town,SPA 4 - Metro,7802,2623817.31445312,6611.94612530689
06037190701,279,791,35.3,District 3,Los Angeles - Hollywood,SPA 4 - Metro,7803,4762913.41113281,9891.61191663942
06037205110,93,866,10.7,District 1,Los Angeles - Boyle Heights,SPA 4 - Metro,7804,2956008.29492188,9068.86721480581
06037190702,160,846,18.9,District 3,Los Angeles - Hollywood,SPA 4 - Metro,7805,2152980.21386719,5909.32801742839
06037190801,541,1466,36.9,District 3,Los Angeles - Hollywood,SPA 4 - Metro,7806,3489354.94042969,7925.32931084361
06037190802,228,1663,13.7,District 3,Los Angeles - Hollywood,SPA 4 - Metro,7807,5239434.93945312,9249.69849293618
06037190901,375,1230,30.5,District 3,Los Angeles - Hollywood,SPA 4 - Metro,7808,5276728.265625,9290.81510103297
06037206020,21,245,8.6,District 1,Los Angeles - Wholesale District,SPA 4 - Metro,7809,9395603.39453125,11938.5563604868
06037190902,390,1674,23.3,District 3,Los Angeles - Hollywood,SPA 4 - Metro,7810,5241444.29882812,9257.05234902937
06037191000,600,3247,18.5,District 3,Los Angeles - Hollywood,SPA 4 - Metro,7811,6889316.93359375,11150.28819568
06037207400,89,858,10.4,District 1,Los Angeles - Downtown,SPA 4 - Metro,7812,9422939.10449219,15058.800595045
06037191110,306,1103,27.7,District 1,Los Angeles - Little Armenia,SPA 4 - Metro,7813,2935781.97851562,7507.32215882193
06037191120,311,1569,19.8,District 1,Los Angeles - Little Armenia,SPA 4 - Metro,7814,4086207.50878906,8373.02858213676
06037191201,431,1656,26,District 1,Los Angeles - East Hollywood,SPA 4 - Metro,7815,6159856.79882812,9951.80338909835
06037191203,316,968,32.6,District 1,Los Angeles - East Hollywood,SPA 4 - Metro,7816,2208647.5390625,5985.14627750103
06037191204,109,713,15.3,District 1,Los Angeles - East Hollywood,SPA 4 - Metro,7817,2164440.77539062,5918.99444129793
06037191301,225,958,23.5,District 1,Los Angeles - East Hollywood,SPA 4 - Metro,7818,2943320.98339844,8516.89445111354
06037191302,173,919,18.8,District 1,Los Angeles - East Hollywood,SPA 4 - Metro,7819,4550186.10351562,9354.95661238365
06037191410,366,1363,26.9,District 1,Los Angeles - East Hollywood,SPA 4 - Metro,7820,3351834.15234375,7438.6150265572
06037191420,165,1049,15.7,District 1,Los Angeles - East Hollywood,SPA 4 - Metro,7821,2445342.20410156,6614.97247930672
06037191500,264,1884,14,District 1,Los Angeles - East Hollywood,SPA 4 - Metro,7822,6905191.90722656,10328.4168274089
06037191610,361,1417,25.5,District 3,Los Angeles - Melrose,SPA 4 - Metro,7823,4516467.59765625,9408.29629745517
06037191620,156,933,16.7,District 3,Los Angeles - Melrose,SPA 4 - Metro,7824,2445220.92773438,7017.16805516893
06037191710,505,1211,41.7,District 3,Los Angeles - Melrose,SPA 4 - Metro,7825,7627194.53222656,13209.0271539169
06037191720,459,1402,32.7,District 3,Los Angeles - Melrose,SPA 4 - Metro,7826,2845306.47460938,6946.31635217938
06037191810,239,1237,19.3,District 3,Los Angeles - Melrose,SPA 4 - Metro,7827,4350630.71386719,9234.49778669924
06037191820,197,1967,10,District 3,Los Angeles - Melrose,SPA 4 - Metro,7828,4356997.03320312,9240.09924467207
06037191901,462,2452,18.8,District 3,Los Angeles - Melrose,SPA 4 - Metro,7829,8323634.66601562,11867.3191738972
06037191902,78,1532,5.1,District 3,Los Angeles - Melrose,SPA 4 - Metro,7830,7818740.74804688,11569.2077486017
06037192001,220,1085,20.3,District 3,Los Angeles - Melrose,SPA 4 - Metro,7831,5713216.98535156,11592.7150747835
06037192002,84,1408,6,District 3,Los Angeles - Melrose,SPA 4 - Metro,7832,9235858.8984375,12792.9610100331
06037192300,249,1501,16.6,District 3,Los Angeles - Melrose,SPA 4 - Metro,7833,9456509.24609375,12470.6222718884
06037192410,122,1949,6.3,District 3,Los Angeles - Melrose,SPA 4 - Metro,7834,7360628.90332031,10853.9342635728
06037192420,245,1409,17.4,District 3,Los Angeles - Melrose,SPA 4 - Metro,7835,3494301.18652344,7935.38408717253
06037192510,170,1268,13.4,District 3,Los Angeles - Melrose,SPA 4 - Metro,7836,3676220.51953125,8083.48715376274
06037192520,152,1631,9.3,District 3,Los Angeles - Melrose,SPA 4 - Metro,7837,3307689.50976562,7772.45726721452
06037192610,201,1535,13.1,District 3,Los Angeles - Melrose,SPA 4 - Metro,7838,4469637.64257812,9148.6312100503
06037192620,227,1200,18.9,District 3,Los Angeles - Melrose,SPA 4 - Metro,7839,2621282.09375,7268.93330579608
06037192700,308,1243,24.8,District 1,Los Angeles - Silverlake,SPA 4 - Metro,7840,5724862.03808594,9589.41664007764
06037194101,209,1828,11.4,District 3,Los Angeles - Hollywood Hills,SPA 4 - Metro,7841,27180830.0302734,31075.056259464
06037194102,77,1223,6.3,District 3,Los Angeles - Hollywood Hills,SPA 4 - Metro,7842,37645454.3935547,34914.6975216466
06037194200,0,1644,0,District 3,Los Angeles - Hollywood,SPA 4 - Metro,7843,28373047.3769531,25984.2625017395
06037194300,0,1394,0,District 3,Los Angeles - Hollywood,SPA 4 - Metro,7844,26227895.5878906,30785.9729366871
06037194401,152,1485,10.2,District 3,Los Angeles - Melrose,SPA 4 - Metro,7845,5154787.68554688,9246.95061213032
06037194402,122,2216,5.5,District 3,Los Angeles - Melrose,SPA 4 - Metro,7846,6337662.8046875,14182.4584943801
06037194500,119,1011,11.8,District 3,Los Angeles - Melrose,SPA 4 - Metro,7847,7266523.67089844,14479.9036682826
06037195100,55,2233,2.5,District 1,Los Angeles - Silverlake,SPA 4 - Metro,7848,20453803.8935547,21319.0332667418
06037195201,56,1610,3.5,District 1,Los Angeles - Silverlake,SPA 4 - Metro,7849,6368770.9765625,13708.0969249358
06037195202,46,1469,3.1,District 1,Los Angeles - Silverlake,SPA 4 - Metro,7850,9353385.49023438,14469.5687740834
06037195300,187,1510,12.4,District 1,Los Angeles - Silverlake,SPA 4 - Metro,7851,6250975.54980469,11070.1404169305
06037195400,149,2318,6.4,District 1,Los Angeles - Silverlake,SPA 4 - Metro,7852,10992588.2128906,16204.9071041664
06037195500,218,2484,8.8,District 1,Los Angeles - Silverlake,SPA 4 - Metro,7853,13164198.8955078,19218.2547019146
06037195600,114,1178,9.7,District 1,Los Angeles - Silverlake,SPA 4 - Metro,7854,5712584.26660156,10997.1668435977
06037195710,194,1494,13,District 1,Los Angeles - Temple-Beaudry,SPA 4 - Metro,7855,5192040.2109375,9745.73002935062
06037195720,81,863,9.4,District 1,Los Angeles - Temple-Beaudry,SPA 4 - Metro,7856,3067002.27832031,8340.76819847616
06037195802,168,1091,15.4,District 1,Los Angeles - Temple-Beaudry,SPA 4 - Metro,7857,4341880.86816406,9929.55136732063
06037195803,113,1081,10.5,District 1,Los Angeles - Temple-Beaudry,SPA 4 - Metro,7858,4074198.9453125,9002.27708221042
06037195804,94,1082,8.7,District 1,Los Angeles - Temple-Beaudry,SPA 4 - Metro,7859,3621379.55175781,7702.84518626474
06037195901,253,1189,21.3,District 1,Los Angeles - Silverlake,SPA 4 - Metro,7860,3167895.59570312,7993.58899201499
06037195902,81,1028,7.9,District 1,Los Angeles - Silverlake,SPA 4 - Metro,7861,3659790.43359375,8148.34834952092
06037195903,67,870,7.7,District 1,Los Angeles - Silverlake,SPA 4 - Metro,7862,2560973.89257812,6617.76651066463
06037197200,135,1165,11.6,District 1,Los Angeles - Elysian Valley,SPA 4 - Metro,7863,8254417.31835938,14769.068053788
06037197300,145,1824,7.9,District 1,Los Angeles - Echo Park,SPA 4 - Metro,7864,6852261.59375,14683.6849782013
06037197410,51,1701,3,District 1,Los Angeles - Elysian Valley,SPA 4 - Metro,7865,14961791.1240234,17855.0597281323
06037197420,118,1610,7.3,District 1,Los Angeles - Echo Park,SPA 4 - Metro,7866,6662696.07519531,11589.3568197097
06037197500,199,1800,11.1,District 1,Los Angeles - Echo Park,SPA 4 - Metro,7867,6903041.97949219,10403.773061345
06037197600,77,900,8.6,District 1,Los Angeles - Angelino Heights,SPA 4 - Metro,7868,4213783.37988281,10380.0647416811
06037197700,299,2191,13.6,District 1,Los Angeles - Elysian Park,SPA 4 - Metro,7869,7539991.2578125,13637.8633149667
06037199001,156,699,22.3,District 1,Los Angeles - Lincoln Heights,SPA 4 - Metro,7870,2823832.10449219,7991.60285962026
06037199002,140,1136,12.3,District 1,Los Angeles - Lincoln Heights,SPA 4 - Metro,7871,14153143.5458984,20590.5737872954
06037199110,94,782,12,District 1,Los Angeles - Lincoln Heights,SPA 4 - Metro,7872,9922886.95800781,13487.6898593241
06037199120,210,1103,19,District 1,Los Angeles - Lincoln Heights,SPA 4 - Metro,7873,10366630.6777344,16430.6435299578
06037199201,330,1190,27.7,District 1,Los Angeles - Lincoln Heights,SPA 4 - Metro,7874,4272810.89550781,8743.52630982821
06037199202,199,893,22.3,District 1,Los Angeles - Lincoln Heights,SPA 4 - Metro,7875,10262323.0644531,17337.6262268547
06037199300,240,1317,18.2,District 1,Los Angeles - Lincoln Heights,SPA 4 - Metro,7876,27667373.4824219,30528.9905727365
06037199400,194,1501,12.9,District 1,Los Angeles - Mt. Washington,SPA 4 - Metro,7877,7705435.54785156,16525.8930799187
06037199700,115,1268,9.1,District 1,Los Angeles - Wholesale District,SPA 4 - Metro,7878,10410497.4599609,13808.4632410144
06037199801,159,897,17.7,District 1,Los Angeles - Lincoln Heights,SPA 4 - Metro,7879,3724106.85546875,9459.39182732337
06037199802,86,595,14.5,District 1,Los Angeles - Lincoln Heights,SPA 4 - Metro,7880,3296128.60546875,8868.74422483614
06037199900,210,879,23.9,District 1,Los Angeles - Lincoln Heights,SPA 4 - Metro,7881,4782360.921875,10141.7280220526
06037201110,19,755,2.5,District 1,Los Angeles - El Sereno,SPA 4 - Metro,7882,10992458.0566406,15893.3836362006
06037201120,74,1306,5.7,District 1,Los Angeles - El Sereno,SPA 4 - Metro,7883,8477293.32421875,13504.917770447
06037201200,40,765,5.2,District 1,Los Angeles - El Sereno,SPA 4 - Metro,7884,4612278.71679688,10208.950520896
06037201301,131,1073,12.2,District 1,Los Angeles - El Sereno,SPA 4 - Metro,7885,9414202.77929688,18595.3885423259
06037201302,85,1951,4.4,District 1,Los Angeles - Highland Park,SPA 4 - Metro,7886,10671943.7080078,14894.7665533712
06037201401,220,1321,16.7,District 1,Los Angeles - El Sereno,SPA 4 - Metro,7887,14162701.1103516,15449.7624668058
06037201402,73,1398,5.2,District 1,Los Angeles - El Sereno,SPA 4 - Metro,7888,20831565.2158203,18870.5827674601
06037201501,50,1563,3.2,District 1,Los Angeles - El Sereno,SPA 4 - Metro,7889,9520485.64257812,14185.0892357449
06037201503,120,950,12.6,District 1,Los Angeles - El Sereno,SPA 4 - Metro,7890,4712856.25097656,9121.14428043338
06037201504,42,583,7.2,District 1,Los Angeles - El Sereno,SPA 4 - Metro,7891,3937450.05273438,9476.65646399222
06037201601,23,690,3.3,District 1,Los Angeles - El Sereno,SPA 4 - Metro,7892,5989464.78027344,10928.0419707895
06037201602,46,733,6.3,District 1,Los Angeles - El Sereno,SPA 4 - Metro,7893,11481095.9111328,18567.4044831868
06037201700,103,1492,6.9,District 1,Los Angeles - University Hills,SPA 4 - Metro,7894,18289606.4267578,20636.5668319082
06037203100,106,1267,8.4,District 1,Los Angeles - Boyle Heights,SPA 4 - Metro,7895,7129819.72167969,11829.9124037391
06037203200,132,1262,10.5,District 1,Los Angeles - Boyle Heights,SPA 4 - Metro,7896,5493896.24511719,10209.5503314961
06037203300,89,515,17.3,District 1,Los Angeles - Boyle Heights,SPA 4 - Metro,7897,15937496.7441406,15581.4837631725
06037203500,139,925,15,District 1,Los Angeles - Wholesale District,SPA 4 - Metro,7898,17896885.2753906,18825.8227527016
06037203601,129,827,15.6,District 1,Los Angeles - Boyle Heights,SPA 4 - Metro,7899,3595069.3203125,12438.1415285991
06037203602,131,555,23.6,District 1,Los Angeles - Boyle Heights,SPA 4 - Metro,7900,2435445.70605469,6781.75309721197
06037203710,55,824,6.7,District 1,Los Angeles - Boyle Heights,SPA 4 - Metro,7901,3036028.59277344,7623.77931285586
06037203720,143,986,14.5,District 1,Los Angeles - Boyle Heights,SPA 4 - Metro,7902,3456064.82128906,7965.718684375
06037203800,261,1260,20.7,District 1,Los Angeles - Boyle Heights,SPA 4 - Metro,7903,5236904.25683594,9426.91300122421
06037203900,70,678,10.3,District 1,Los Angeles - Boyle Heights,SPA 4 - Metro,7904,4820099.33398438,12064.0443147402
06037204110,187,816,22.9,District 1,Los Angeles - Boyle Heights,SPA 4 - Metro,7905,6496519.90332031,10204.5960857858
06037204120,116,695,16.7,District 1,Los Angeles - Boyle Heights,SPA 4 - Metro,7906,2822350.296875,6970.22870586748
06037204200,143,1031,13.9,District 1,Los Angeles - Boyle Heights,SPA 4 - Metro,7907,3242329.5078125,7623.72918950464
06037204300,299,1368,21.9,District 1,Los Angeles - Boyle Heights,SPA 4 - Metro,7908,6926376.47460938,10887.9795830407
06037204410,162,666,24.3,District 1,Los Angeles - Boyle Heights,SPA 4 - Metro,7909,3196327.39648438,7592.69194033282
06037204420,251,868,28.9,District 1,Los Angeles - Boyle Heights,SPA 4 - Metro,7910,3252575.08203125,7655.41242688079
06037204600,119,1112,10.7,District 1,Los Angeles - Boyle Heights,SPA 4 - Metro,7911,6201551.64453125,12222.8879585779
06037204700,106,1218,8.7,District 1,Los Angeles - Boyle Heights,SPA 4 - Metro,7912,10907423.2275391,13331.4615318917
06037204810,185,1369,13.5,District 1,Los Angeles - Boyle Heights,SPA 4 - Metro,7913,8327932.84472656,11953.6200018943
06037204820,50,541,9.2,District 1,Los Angeles - Boyle Heights,SPA 4 - Metro,7914,3446622.07226562,8345.42760666225
06037204910,137,943,14.5,District 1,Los Angeles - Boyle Heights,SPA 4 - Metro,7915,5538623.95019531,9616.40758987868
06037204920,79,674,11.7,District 1,Los Angeles - Boyle Heights,SPA 4 - Metro,7916,9771951.94824219,12570.5753517187
06037205120,218,935,23.3,District 1,Los Angeles - Boyle Heights,SPA 4 - Metro,7917,15952710.9550781,19218.2535781048
06037206010,392,1497,26.2,District 1,Los Angeles - Wholesale District,SPA 4 - Metro,7918,15714297.7333984,20599.4311936176
06037206050,208,753,27.6,District 1,Los Angeles - Wholesale District,SPA 4 - Metro,7919,19183090.3300781,25485.7001959989
06037206051,44,1011,4.4,District 1,Los Angeles - Wholesale District,SPA 4 - Metro,7920,40408764.9375,29476.2619635531
06037206052,155,1865,8.3,District 1,Los Angeles - Wholesale District,SPA 4 - Metro,7921,9776925.70410156,13446.5947663505
06037206053,264,1077,24.5,District 1,Los Angeles - Wholesale District,SPA 4 - Metro,7922,6331758.78808594,10803.1303358809
06037206054,98,629,15.6,District 1,Los Angeles - Wholesale District,SPA 4 - Metro,7923,4502153.55761719,9300.3405140105
06037206201,261,1229,21.2,District 1,Los Angeles - Little Tokyo,SPA 4 - Metro,7924,2156821.98339844,6937.90177092318
06037206202,714,1136,62.9,District 1,Los Angeles - Little Tokyo,SPA 4 - Metro,7925,4114009.18945312,9646.07427560358
06037206301,1008,1220,82.6,District 1,Los Angeles - Wholesale District,SPA 4 - Metro,7926,1467235.078125,4941.8720973375
06037206302,561,660,85,District 1,Los Angeles - Wholesale District,SPA 4 - Metro,7927,483653.2421875,3603.26368751729
06037206303,485,550,88.2,District 1,Los Angeles - Wholesale District,SPA 4 - Metro,7928,4692073.15820312,10612.5285557102
06037207101,426,1774,24,District 1,Los Angeles - Chinatown,SPA 4 - Metro,7929,3165333.10644531,7693.96237233894
06037207102,370,1582,23.4,District 1,Los Angeles - Chinatown,SPA 4 - Metro,7930,4502100.25488281,9892.5786974003
06037207103,277,868,31.9,District 1,Los Angeles - Chinatown,SPA 4 - Metro,7931,3388155.93554688,9522.76357319293
06037207303,748,1858,40.3,District 1,Los Angeles - Downtown,SPA 4 - Metro,7932,1888040.55078125,5575.25906863467
06037207304,1147,1664,68.9,District 1,Los Angeles - Downtown,SPA 4 - Metro,7933,541446.252929688,3459.97686349696
06037207305,220,717,30.7,District 1,Los Angeles - Downtown,SPA 4 - Metro,7934,2182714.78027344,8262.43863986772
06037207306,666,1682,39.6,District 1,Los Angeles - Downtown,SPA 4 - Metro,7935,1736073.65625,5646.00082215506
06037207307,701,1082,64.8,District 1,Los Angeles - Downtown,SPA 4 - Metro,7936,527160.046875,2910.61669087878
06037207308,210,762,27.6,District 1,Los Angeles - Downtown,SPA 4 - Metro,7937,492573.751953125,2815.25744293792
06037207501,134,1306,10.3,District 1,Los Angeles - Downtown,SPA 4 - Metro,7938,1460154.43066406,4739.84035644362
06037207502,1117,2563,43.6,District 1,Los Angeles - Downtown,SPA 4 - Metro,7939,4463490.01171875,9079.03995524394
06037208720,492,1487,33.1,District 1,Los Angeles - Westlake,SPA 4 - Metro,7940,1753988.3125,6905.12617518118
06037207711,238,1836,13,District 1,Los Angeles - Downtown,SPA 4 - Metro,7941,7428549.18164062,14671.2566652354
06037207712,869,3163,27.5,District 1,Los Angeles - Downtown,SPA 4 - Metro,7942,4383784.37109375,9437.95547203599
06037207901,619,2589,23.9,District 1,Los Angeles - Downtown,SPA 4 - Metro,7943,2128884.62011719,6828.32314353021
06037207902,712,4752,15,District 1,Los Angeles - Downtown,SPA 4 - Metro,7944,7634284.11425781,11075.6002722335
06037208001,56,1263,4.4,District 1,Los Angeles - Temple-Beaudry,SPA 4 - Metro,7945,6277025.37207031,11140.0855219287
06037208002,266,1271,20.9,District 1,Los Angeles - Temple-Beaudry,SPA 4 - Metro,7946,4063649.02148438,8994.41985174355
06037208301,167,551,30.3,District 1,Los Angeles - Temple-Beaudry,SPA 4 - Metro,7947,1059097.59375,5122.53634552436
06037208903,403,1079,37.3,District 1,Los Angeles - Westlake,SPA 4 - Metro,7948,1714545.07714844,7038.47964396487
06037208302,552,1749,31.6,District 1,Los Angeles - Historic Filipinotown,SPA 4 - Metro,7949,4716446.3046875,9773.07262014677
06037208401,439,1345,32.6,District 1,Los Angeles - Temple-Beaudry,SPA 4 - Metro,7950,2469648.37011719,6288.09197794042
06037209105,429,1001,42.9,District 1,Los Angeles - Westlake,SPA 4 - Metro,7951,892285.90234375,3984.96206798173
06037208402,151,882,17.1,District 1,Los Angeles - Historic Filipinotown,SPA 4 - Metro,7952,3704274.59179688,8618.23456482595
06037208501,140,894,15.7,District 1,Los Angeles - Historic Filipinotown,SPA 4 - Metro,7953,2614754.83691406,6561.52814100238
06037208502,369,1423,25.9,District 1,Los Angeles - Temple-Beaudry,SPA 4 - Metro,7954,2796254.31933594,6766.57691819466
06037208610,127,1474,8.6,District 1,Los Angeles - Historic Filipinotown,SPA 4 - Metro,7955,3802019.99609375,8257.26639458293
06037208620,192,1605,12,District 1,Los Angeles - Temple-Beaudry,SPA 4 - Metro,7956,3490954.75976562,8191.68116658036
06037208710,360,2074,17.4,District 1,Los Angeles - Westlake,SPA 4 - Metro,7957,1824918.22851562,5646.28176534374
06037208801,664,1364,48.7,District 1,Los Angeles - Westlake,SPA 4 - Metro,7958,2902686.7109375,7792.47319118466
06037208802,462,1380,33.5,District 1,Los Angeles - Westlake,SPA 4 - Metro,7959,2279363.02441406,7692.52783629375
06037208902,361,674,53.6,District 1,Los Angeles - Westlake,SPA 4 - Metro,7960,1980055.59765625,5658.49303756799
06037208904,853,1367,62.4,District 1,Los Angeles - Westlake,SPA 4 - Metro,7961,1224138.45214844,4504.13711885243
06037209103,490,1064,46.1,District 1,Los Angeles - Westlake,SPA 4 - Metro,7962,1337574.15722656,4685.36934697051
06037209104,427,940,45.4,District 1,Los Angeles - Westlake,SPA 4 - Metro,7963,735766.439453125,3760.81399791788
06037209106,400,1231,32.5,District 1,Los Angeles - Westlake,SPA 4 - Metro,7964,2381529.05566406,6257.32991474732
06037209201,342,2061,16.6,District 1,Los Angeles - Westlake,SPA 4 - Metro,7965,1818530.86523438,5562.08830614404
06037209202,106,520,20.4,District 1,Los Angeles - Westlake,SPA 4 - Metro,7966,2667667.4296875,6511.25306922435
06037209300,863,2340,36.9,District 1,Los Angeles - Westlake,SPA 4 - Metro,7967,3296967.58789062,7931.18045030821
06037209401,1013,1547,65.5,District 1,Los Angeles - Westlake,SPA 4 - Metro,7968,2323375.79101562,6370.63761156645
06037209810,186,755,24.6,District 1,Los Angeles - Pico-Union,SPA 4 - Metro,7969,1660660.46289062,5390.00072037104
06037209402,767,1280,59.9,District 1,Los Angeles - Westlake,SPA 4 - Metro,7970,1466622.3828125,4849.88672567465
06037209403,862,1514,56.9,District 1,Los Angeles - Westlake,SPA 4 - Metro,7971,1487585.05078125,4882.4431916478
06037222700,73,177,41.2,District 2,Los Angeles - Exposition Park,SPA 6 - South,7972,9012061.97558594,13506.6237253263
06037209510,187,956,19.6,District 1,Los Angeles - Pico-Union,SPA 4 - Metro,7973,1963614.68359375,5807.60582509719
06037209520,425,925,45.9,District 1,Los Angeles - Pico-Union,SPA 4 - Metro,7974,2499111.24414062,6466.56330357265
06037224010,606,1706,35.5,District 1,Los Angeles - Downtown,SPA 4 - Metro,7975,8935641.59667969,13793.1618050676
06037209820,211,814,25.9,District 1,Los Angeles - Pico-Union,SPA 4 - Metro,7976,1936268.19140625,5687.97411417253
06037210010,583,1223,47.7,District 1,Los Angeles - Pico-Union,SPA 4 - Metro,7977,4448567.78027344,8896.54747760299
06037211000,10,2169,0.5,District 2,Los Angeles - Hancock Park,SPA 4 - Metro,7978,28608477.8222656,25105.852125311
06037211121,96,1002,9.6,District 2,Los Angeles - Wilshire Center,SPA 4 - Metro,7979,2315992.81835938,7544.02038984252
06037211122,318,1201,26.5,District 2,Los Angeles - Wilshire Center,SPA 4 - Metro,7980,3930365.13085938,8273.44654845861
06037211123,261,1133,23,District 2,Los Angeles - Wilshire Center,SPA 4 - Metro,7981,1850526.140625,6797.21218063719
06037211124,419,2020,20.7,District 2,Los Angeles - Wilshire Center,SPA 4 - Metro,7982,4228641.48242188,8167.54807782011
06037211201,146,1104,13.2,District 2,Los Angeles - Wilshire Center,SPA 4 - Metro,7983,1501881.87011719,4915.68431295678
06037211202,337,1039,32.4,District 2,Los Angeles - Wilshire Center,SPA 4 - Metro,7984,1927075.49316406,5559.42145524042
06037211310,449,1545,29.1,District 2,Los Angeles - Wilshire Center,SPA 4 - Metro,7985,1549860.7109375,4995.2051041008
06037211320,478,1198,39.9,District 2,Los Angeles - Wilshire Center,SPA 4 - Metro,7986,2004122.25,5671.30541080394
06037211410,180,1126,16,District 2,Los Angeles - Wilshire Center,SPA 4 - Metro,7987,2915308.27734375,7500.75460561093
06037211420,266,1259,21.1,District 2,Los Angeles - Wilshire Center,SPA 4 - Metro,7988,4101420.1328125,8393.56224256076
06037211500,216,1867,11.6,District 2,Los Angeles - Hancock Park,SPA 4 - Metro,7989,9760679.48144531,13076.5733908895
06037211701,93,1282,7.3,District 2,Los Angeles - Hancock Park,SPA 4 - Metro,7990,7007753.87597656,10536.0578524253
06037211703,372,2182,17,District 2,Los Angeles - Wilshire Center,SPA 4 - Metro,7991,1986718.89257812,5648.97182007806
06037211704,352,1652,21.3,District 2,Los Angeles - Wilshire Center,SPA 4 - Metro,7992,1990668.86132812,5698.51976252706
06037211802,528,2175,24.3,District 2,Los Angeles - Little Bangladesh,SPA 4 - Metro,7993,3502571.77734375,7938.57062331816
06037211803,203,1741,11.7,District 2,Los Angeles - Little Bangladesh,SPA 4 - Metro,7994,1501763.78515625,4915.85657360496
06037211804,248,1334,18.6,District 2,Los Angeles - Little Bangladesh,SPA 4 - Metro,7995,2001589.04296875,5672.18261406006
06037211910,530,1939,27.3,District 2,Los Angeles - Little Bangladesh,SPA 4 - Metro,7996,1484978.66699219,4890.39894923624
06037211921,231,922,25.1,District 2,Los Angeles - Little Bangladesh,SPA 4 - Metro,7997,997424.330078125,4152.13256760425
06037211922,427,1371,31.1,District 2,Los Angeles - Little Bangladesh,SPA 4 - Metro,7998,999743.744140625,4155.33816743403
06037212101,468,1576,29.7,District 2,Los Angeles - Little Bangladesh,SPA 4 - Metro,7999,1999890.32617188,5670.09746275749
06037212102,366,1291,28.4,District 2,Los Angeles - Little Bangladesh,SPA 4 - Metro,8000,1492508.61816406,4902.63174581016
06037212202,438,1330,32.9,District 2,Los Angeles - Wilshire Center,SPA 4 - Metro,8001,2225899.92285156,6481.88798664003
06037212203,601,1490,40.3,District 2,Los Angeles - Wilshire Center,SPA 4 - Metro,8002,1141073.35449219,4500.61037838077
06037212204,331,1549,21.4,District 2,Los Angeles - Wilshire Center,SPA 4 - Metro,8003,2300387.56054688,6142.68644099074
06037212303,469,1649,28.4,District 2,Los Angeles - Koreatown,SPA 4 - Metro,8004,1675272.86328125,5219.25390230218
06037212304,375,796,47.1,District 2,Los Angeles - Koreatown,SPA 4 - Metro,8005,2218468.73535156,6304.99186116234
06037212305,303,982,30.9,District 2,Los Angeles - Koreatown,SPA 4 - Metro,8006,1168773.14648438,4355.76452609155
06037212306,182,1128,16.1,District 2,Los Angeles - Koreatown,SPA 4 - Metro,8007,1742806.87792969,5316.96078675856
06037212410,396,1662,23.8,District 2,Los Angeles - Koreatown,SPA 4 - Metro,8008,1687088.9375,5550.26248909544
06037212420,345,1138,30.3,District 2,Los Angeles - Koreatown,SPA 4 - Metro,8009,1538332.86914062,4954.12247298853
06037980015,20,515,3.9,District 4,Los Angeles - Harbor City,SPA 8 - South Bay,8010,57231543.6943359,34862.5883805125
06037212501,180,922,19.5,District 2,Los Angeles - Koreatown,SPA 4 - Metro,8011,856375.334960938,3804.12356372229
06037212502,531,1702,31.2,District 2,Los Angeles - Koreatown,SPA 4 - Metro,8012,3069436.97265625,8256.6763741983
06037980023,0,15,0,District 3,Los Angeles - West Hills,SPA 2 - San Fernando,8013,56920985.9248047,39154.636778046
06037212610,243,1986,12.2,District 2,Los Angeles - Koreatown,SPA 4 - Metro,8014,3837077.16894531,8373.506660897
06037212620,453,1789,25.3,District 2,Los Angeles - Koreatown,SPA 4 - Metro,8015,3112104.20898438,7947.75922029688
06037980028,0,0,,District 2,Los Angeles - Westchester,SPA 5 - West,8016,181871105.774414,80476.2709226391
06037212701,97,846,11.5,District 2,Los Angeles - Country Club Park,SPA 4 - Metro,8017,5137695.23046875,10446.1224169919
06037212702,131,1382,9.5,District 2,Los Angeles - Country Club Park,SPA 4 - Metro,8018,9432433.52832031,13436.740666892
06037980030,0,0,,District 2,City of El Segundo,SPA 8 - South Bay,8019,44758041.4257812,28958.1173336166
06037212800,195,1342,14.5,District 2,Los Angeles - Country Club Park,SPA 4 - Metro,8020,8454048.38867188,11698.3897557199
06037212900,325,1408,23.1,District 2,Los Angeles - Country Club Park,SPA 4 - Metro,8021,3940299.24804688,8740.43958537966
06037980031,0,7,0,District 4,Los Angeles - San Pedro,SPA 8 - South Bay,8022,278485786.873047,79769.8499404498
06037213100,103,1098,9.4,District 2,Los Angeles - Koreatown,SPA 4 - Metro,8023,5781514.45214844,10486.3002784647
06037213201,421,1702,24.7,District 2,Los Angeles - Koreatown,SPA 4 - Metro,8024,3589230.66113281,8182.67688754627
06037980033,0,0,,District 4,City of Long Beach,SPA 8 - South Bay,8025,306139105.648438,76112.964181869
06037213202,287,1198,24,District 2,Los Angeles - Koreatown,SPA 4 - Metro,8026,3637201.02832031,8141.4350813002
06037213310,153,948,16.1,District 2,Los Angeles - Koreatown,SPA 4 - Metro,8027,3346140.25,7793.97104092556
06037980034,0,0,,District 4,City of Santa Fe Springs,SPA 7 - East,8028,69574593.8662109,60488.9361218372
06037213320,298,941,31.7,District 2,Los Angeles - Koreatown,SPA 4 - Metro,8029,3380926.98242188,7845.38107029361
06037213401,298,1645,18.1,District 2,Los Angeles - Pico-Union,SPA 4 - Metro,8030,2108256.96289062,6326.46337596502
06037980038,0,0,,District 2,Unincorporated - Ladera Heights,SPA 5 - West,8031,48526563.4912109,42566.8401671956
06037213402,405,1708,23.7,District 2,Los Angeles - Pico-Union,SPA 4 - Metro,8032,4220536.42578125,8304.77577150447
06037214000,57,1240,4.6,District 3,Los Angeles - Melrose,SPA 4 - Metro,8033,10878898.9863281,13349.8320339362
06037980039,0,0,,District 5,Unincorporated - Universal City,SPA 2 - San Fernando,8034,14640173.3886719,17601.6783312784
06037214100,67,1790,3.7,District 2,Los Angeles - Hancock Park,SPA 4 - Metro,8035,11954015.6572266,14119.4358302839
06037214400,186,1705,10.9,District 3,Los Angeles - Melrose,SPA 4 - Metro,8036,3705387.51660156,7957.45597765391
06037214501,176,1677,10.5,District 2,Los Angeles - Park La Brea,SPA 4 - Metro,8037,8104648.12695312,13972.6234377612
06037214503,170,1565,10.9,District 2,Los Angeles - Park La Brea,SPA 4 - Metro,8038,2452371.02832031,6833.36290633652
06037224020,413,936,44.1,District 1,Los Angeles - Downtown,SPA 4 - Metro,8039,13274685.3974609,15194.745406514
06037214504,186,1670,11.1,District 2,Los Angeles - Park La Brea,SPA 4 - Metro,8040,1310617.07519531,5783.53830056755
06037214505,49,916,5.3,District 2,Los Angeles - Park La Brea,SPA 4 - Metro,8041,1510257.35742188,6781.70002442472
06037224320,304,1115,27.3,District 1,Los Angeles - Pico-Union,SPA 4 - Metro,8042,3148559.90722656,8337.93360619879
06037214600,128,1284,10,District 3,Los Angeles - Carthay,SPA 4 - Metro,8043,6255496.01660156,10110.4666923341
06037214700,82,1287,6.4,District 3,Los Angeles - Carthay,SPA 4 - Metro,8044,6384452.13671875,10225.8203051479
06037214800,103,1469,7,District 3,Los Angeles - Carthay,SPA 4 - Metro,8045,6204448.75488281,11233.3139801769
06037214902,84,1532,5.5,District 3,Los Angeles - Carthay,SPA 4 - Metro,8046,5572430.15039062,9450.67917207185
06037214903,197,1101,17.9,District 3,Los Angeles - Carthay,SPA 4 - Metro,8047,1465902.78417969,5280.13671052544
06037214904,43,924,4.7,District 3,Los Angeles - Carthay,SPA 4 - Metro,8048,1828968.39941406,5357.67428772174
06037215101,345,1943,17.8,District 2,Los Angeles - Miracle Mile,SPA 4 - Metro,8049,3809331.64746094,10263.4839015935
06037215102,330,2150,15.3,District 2,Los Angeles - Miracle Mile,SPA 4 - Metro,8050,2874435.63964844,7853.98922940437
06037236204,209,1180,17.7,District 2,Los Angeles - Baldwin Hills,SPA 6 - South,8051,2449353.234375,6658.90136953315
06037216100,20,1021,2,District 2,Los Angeles - Miracle Mile,SPA 4 - Metro,8052,7258622.61328125,11137.2282597637
06037216201,47,1462,3.2,District 2,Los Angeles - Miracle Mile,SPA 4 - Metro,8053,4885807.69042969,10090.456567382
06037216202,0,1445,0,District 2,Los Angeles - Miracle Mile,SPA 4 - Metro,8054,5435377.36621094,10155.3357717647
06037216301,42,631,6.7,District 2,Los Angeles - Miracle Mile,SPA 4 - Metro,8055,6049546.78808594,11309.8163204585
06037216302,146,1744,8.4,District 2,Los Angeles - Miracle Mile,SPA 4 - Metro,8056,7612845.06640625,11326.8620361775
06037216401,142,1792,7.9,District 3,Los Angeles - South Carthay,SPA 5 - West,8057,4453771.9296875,8573.05090459975
06037216402,110,1216,9,District 3,Los Angeles - South Carthay,SPA 5 - West,8058,2454486.62109375,6352.5598411435
06037216700,141,1565,9,District 2,Los Angeles - Crestview,SPA 4 - Metro,8059,8359985.12792969,11708.3886180848
06037216800,82,1425,5.8,District 2,Los Angeles - South Carthay,SPA 4 - Metro,8060,7970666.09863281,11541.4351311158
06037216901,77,1246,6.2,District 2,Los Angeles - Mid-city,SPA 4 - Metro,8061,7529393.078125,12049.5740176066
06037216902,96,1129,8.5,District 2,Los Angeles - Mid-city,SPA 4 - Metro,8062,4207215.77734375,9158.06543066756
06037217001,81,1053,7.7,District 3,Los Angeles - Crestview,SPA 5 - West,8063,5932737.09375,10781.4916671573
06037217002,192,2103,9.1,District 3,Los Angeles - Crestview,SPA 5 - West,8064,8310430.75878906,11537.2574729411
06037217101,169,925,18.3,District 2,Los Angeles - Mid-city,SPA 4 - Metro,8065,4274959.8828125,9355.77992590074
06037217102,127,1216,10.4,District 2,Los Angeles - Mid-city,SPA 4 - Metro,8066,5389199.59570312,9500.85044338073
06037217200,205,1695,12.1,District 2,Los Angeles - Mid-city,SPA 4 - Metro,8067,9910637.51757812,15000.9252381641
06037218110,170,1177,14.4,District 2,Los Angeles - Victoria Park,SPA 4 - Metro,8068,6462720.51074219,12750.5845119007
06037218120,318,1348,23.6,District 2,Los Angeles - Victoria Park,SPA 4 - Metro,8069,4789315.24316406,8883.8412423337
06037218210,245,1255,19.5,District 2,Los Angeles - St Elmo Village,SPA 4 - Metro,8070,4174755.20800781,8767.26244563719
06037218220,191,1486,12.9,District 2,Los Angeles - Lafayette Square,SPA 4 - Metro,8071,7202036.96386719,11673.2442683016
06037218300,95,2113,4.5,District 2,Los Angeles - Cloverdale/Cochran,SPA 4 - Metro,8072,9721211.26367188,17303.9296005537
06037218400,123,1345,9.1,District 2,Los Angeles - Cloverdale/Cochran,SPA 6 - South,8073,6980031.2734375,12172.1275600393
06037218500,167,968,17.3,District 2,Los Angeles - Cloverdale/Cochran,SPA 6 - South,8074,5644938.33984375,10970.1771907018
06037218600,115,1096,10.5,District 2,Los Angeles - Longwood,SPA 6 - South,8075,4579166.22363281,8896.78694256187
06037218701,134,816,16.4,District 2,Los Angeles - Wellington Square,SPA 6 - South,8076,5970334.19140625,10677.0864637023
06037218702,60,843,7.1,District 2,Los Angeles - Wellington Square,SPA 6 - South,8077,3863251.22070312,10277.6897063698
06037218800,50,939,5.3,District 2,Los Angeles - West Adams,SPA 6 - South,8078,4408954.66992188,9003.4607421164
06037218900,253,2136,11.8,District 2,Los Angeles - West Adams,SPA 6 - South,8079,7590636.38964844,11501.1401512322
06037219010,83,1013,8.2,District 2,Los Angeles - Jefferson Park,SPA 6 - South,8080,4746129.56640625,9379.45113561766
06037219020,128,1290,9.9,District 2,Los Angeles - Jefferson Park,SPA 6 - South,8081,7814189.0703125,11235.000575092
06037219300,155,1433,10.8,District 2,Los Angeles - Crenshaw District,SPA 6 - South,8082,7032522.35839844,11229.4922975579
06037219500,96,810,11.9,District 2,Los Angeles - Crenshaw District,SPA 6 - South,8083,5980859.90625,10424.0370712202
06037219700,75,1338,5.6,District 2,Los Angeles - Exposition,SPA 6 - South,8084,11747848.2226562,16573.5447508424
06037219800,101,967,10.4,District 2,Los Angeles - Alsace,SPA 6 - South,8085,4802367.25195312,9731.28589862795
06037219901,158,1626,9.7,District 2,Los Angeles - Alsace,SPA 6 - South,8086,5688670.42382812,10072.6276677243
06037219902,51,1363,3.7,District 2,Los Angeles - Alsace,SPA 6 - South,8087,8665149.89550781,13255.3885905399
06037220000,325,2210,14.7,District 2,Los Angeles - Crenshaw District,SPA 6 - South,8088,10481820.828125,12777.3961812482
06037220100,180,1083,16.6,District 2,Los Angeles - Baldwin Hills,SPA 6 - South,8089,10553580.6259766,16872.2625538817
06037221110,289,1055,27.4,District 1,Los Angeles - Pico-Union,SPA 4 - Metro,8090,2543189.47851562,6917.1421829759
06037221120,176,752,23.4,District 1,Los Angeles - Pico-Union,SPA 4 - Metro,8091,3461839.03417969,7508.70218597605
06037221210,94,869,10.8,District 2,Los Angeles - Harvard Heights,SPA 4 - Metro,8092,3886574.74902344,8400.44834580638
06037221220,171,931,18.4,District 2,Los Angeles - Harvard Heights,SPA 4 - Metro,8093,7061620.80078125,10517.0065866957
06037221302,347,1175,29.5,District 2,Los Angeles - Harvard Heights,SPA 4 - Metro,8094,4979090.125,10182.9978284678
06037221303,223,717,31.1,District 2,Los Angeles - Harvard Heights,SPA 4 - Metro,8095,2529230.91113281,6479.80207836699
06037221304,132,1137,11.6,District 2,Los Angeles - Harvard Heights,SPA 4 - Metro,8096,2439438.50097656,6306.02757861075
06037221401,197,1217,16.2,District 2,Los Angeles - West Adams,SPA 6 - South,8097,5807308.30273438,9622.08414883721
06037221402,219,967,22.6,District 2,Los Angeles - West Adams,SPA 6 - South,8098,5758103.04101562,12851.787555696
06037221500,395,1165,33.9,District 2,Los Angeles - West Adams,SPA 6 - South,8099,4097488.70703125,8382.65571532391
06037221601,221,962,23,District 2,Los Angeles - West Adams,SPA 6 - South,8100,3980776.45996094,8298.42599460866
06037221602,104,794,13.1,District 2,Los Angeles - West Adams,SPA 6 - South,8101,5577270.453125,11987.0771425261
06037221710,291,889,32.7,District 2,Los Angeles - West Adams,SPA 6 - South,8102,3536802.52441406,8105.21943524623
06037221810,273,901,30.3,District 2,Los Angeles - University Park,SPA 6 - South,8103,3275873.11621094,7474.75421107157
06037221820,320,969,33,District 2,Los Angeles - University Park,SPA 6 - South,8104,2200173.89160156,5840.16270613055
06037221900,325,932,34.9,District 2,Los Angeles - University Park,SPA 6 - South,8105,4403034.38769531,10551.9909206486
06037222001,110,949,11.6,District 2,Los Angeles - Exposition Park,SPA 6 - South,8106,5104919.04785156,9152.50879239103
06037222002,321,1426,22.5,District 2,Los Angeles - Exposition Park,SPA 6 - South,8107,7060516.01269531,10841.46998371
06037222100,219,1191,18.4,District 2,Los Angeles - Adams-Normandie,SPA 6 - South,8108,5152775.11523438,10486.6220182501
06037222200,206,1318,15.6,District 2,Los Angeles - Adams-Normandie,SPA 6 - South,8109,5186450.16796875,10532.8428543884
06037222500,153,1229,12.4,District 2,Los Angeles - Exposition Park,SPA 6 - South,8110,7020978.22851562,10605.3247975699
06037222600,346,1621,21.3,District 2,Los Angeles - Exposition Park,SPA 6 - South,8111,7012275.47460938,10584.9862602717
06037224200,189,752,25.1,District 1,Los Angeles - Pico-Union,SPA 4 - Metro,8112,4048361.07226562,8617.78577663369
06037224310,175,588,29.8,District 1,Los Angeles - Pico-Union,SPA 4 - Metro,8113,1829472.24023438,6639.97881226274
06037224410,330,1016,32.5,District 2,Los Angeles - University Park,SPA 6 - South,8114,4725219.91308594,10260.6753657762
06037224420,345,894,38.6,District 2,Los Angeles - University Park,SPA 6 - South,8115,3967094.94433594,8686.50040224515
06037224600,189,776,24.4,District 2,Los Angeles - University Park,SPA 6 - South,8116,7717302.546875,11199.3118817495
06037224701,157,401,39.2,District 2,Los Angeles - University Park,SPA 6 - South,8117,2557086.49902344,7567.39963666467
06037224702,359,718,50,District 2,Los Angeles - University Park,SPA 6 - South,8118,4249936.35351562,9717.86746360709
06037226001,207,598,34.6,District 1,Los Angeles - Wholesale District,SPA 4 - Metro,8119,11262506.0917969,19000.4917544777
06037226002,551,1209,45.6,District 1,Los Angeles - Wholesale District,SPA 4 - Metro,8120,27454967.0927734,21360.5903720665
06037226410,180,835,21.6,District 2,Los Angeles - Central,SPA 6 - South,8121,3020288.66699219,7061.80101743721
06037226420,181,1307,13.8,District 2,Los Angeles - Central,SPA 6 - South,8122,4595354.35449219,8778.891444868
06037226701,37,610,6.1,District 2,Los Angeles - Central,SPA 6 - South,8123,4036350.89941406,9176.57226799392
06037226702,145,867,16.7,District 2,Los Angeles - Central,SPA 6 - South,8124,4406073.59570312,11981.4299516603
06037227010,111,1079,10.3,District 2,Los Angeles - Central,SPA 6 - South,8125,6216997.72265625,11488.3572439061
06037227020,38,771,4.9,District 2,Los Angeles - Central,SPA 6 - South,8126,4614952.89453125,8995.56467291107
06037228100,73,1147,6.4,District 2,Los Angeles - Vernon Central,SPA 6 - South,8127,10984093.9179688,14969.7427789219
06037228210,127,948,13.4,District 2,Los Angeles - Central,SPA 6 - South,8128,4507252.90136719,9082.69698037547
06037228220,167,1017,16.4,District 2,Los Angeles - Vernon Central,SPA 6 - South,8129,3933562.86523438,9102.1190023746
06037228310,251,1118,22.5,District 2,Los Angeles - Central,SPA 6 - South,8130,5963185.01757812,10969.7939622294
06037228320,64,749,8.5,District 2,Los Angeles - Vernon Central,SPA 6 - South,8131,3529045.54101562,9981.91344690423
06037228410,114,716,15.9,District 2,Los Angeles - Central,SPA 6 - South,8132,2993552.68164062,7099.98028400651
06037228420,112,662,16.9,District 2,Los Angeles - South Park,SPA 6 - South,8133,2985814.79589844,7921.09523617572
06037228500,218,1180,18.5,District 2,Los Angeles - South Park,SPA 6 - South,8134,4884458.17480469,9075.60805820838
06037228600,200,1073,18.6,District 2,Los Angeles - Vernon Central,SPA 6 - South,8135,5686621.625,9583.53107138211
06037228710,104,996,10.4,District 2,Los Angeles - Vernon Central,SPA 6 - South,8136,4362081.15136719,9256.62522039245
06037228720,68,1139,6,District 2,Los Angeles - Vernon Central,SPA 6 - South,8137,4355249.90625,9244.49435759766
06037228800,210,1240,16.9,District 2,Los Angeles - Vernon Central,SPA 6 - South,8138,9091598.73925781,12294.3884741704
06037228900,168,916,18.3,District 2,Los Angeles - Vernon Central,SPA 6 - South,8139,5560833.44042969,9591.92022175632
06037229100,236,1092,21.6,District 2,Los Angeles - Vernon Central,SPA 6 - South,8140,5110877.33496094,9150.04885697756
06037229200,126,1144,11,District 2,Los Angeles - Vernon Central,SPA 6 - South,8141,4777352.96484375,8918.16082521378
06037229300,294,1363,21.6,District 2,Los Angeles - South Park,SPA 6 - South,8142,5361360.49316406,9403.79906802314
06037229410,111,839,13.2,District 2,Los Angeles - South Park,SPA 6 - South,8143,5839057.29296875,9706.98716421396
06037229420,177,1004,17.6,District 2,Los Angeles - Vernon Central,SPA 6 - South,8144,6294942.09765625,10050.5319248621
06037231100,180,658,27.4,District 2,Los Angeles - Exposition Park,SPA 6 - South,8145,9467086.08691406,12847.4099044822
06037231210,234,1218,19.2,District 2,Los Angeles - Exposition Park,SPA 6 - South,8146,3444734.5546875,7919.44201880278
06037231220,430,1367,31.5,District 2,Los Angeles - Exposition Park,SPA 6 - South,8147,10408962.8388672,13170.3888471452
06037231301,113,792,14.3,District 2,Los Angeles - Exposition Park,SPA 6 - South,8148,2518039.38378906,7081.84267521166
06037231302,73,805,9.1,District 2,Los Angeles - Exposition Park,SPA 6 - South,8149,4559947.97558594,10645.1700794788
06037231400,279,1466,19,District 2,Los Angeles - Exposition Park,SPA 6 - South,8150,6683376.84863281,10350.6265418402
06037231500,177,1504,11.8,District 2,Los Angeles - West Vernon,SPA 6 - South,8151,9886748.92578125,12797.0484056493
06037231601,66,744,8.9,District 2,Los Angeles - West Vernon,SPA 6 - South,8152,3446476.84667969,7853.76348201663
06037231602,16,632,2.5,District 2,Los Angeles - West Vernon,SPA 6 - South,8153,3395683.69824219,7818.01294974355
06037231603,133,760,17.5,District 2,Los Angeles - West Vernon,SPA 6 - South,8154,3442922.35449219,7867.47880129541
06037231710,346,1185,29.2,District 2,Los Angeles - West Vernon,SPA 6 - South,8155,3484295.73632812,7941.43613909737
06037231720,544,1514,35.9,District 2,Los Angeles - West Vernon,SPA 6 - South,8156,5082200.78808594,9119.79389240225
06037231800,249,1372,18.1,District 2,Los Angeles - South Park,SPA 6 - South,8157,5600675.42773438,9533.12603473679
06037231901,108,785,13.8,District 2,Los Angeles - South Park,SPA 6 - South,8158,2588562.6015625,6562.28611674277
06037231902,114,783,14.6,District 2,Los Angeles - South Park,SPA 6 - South,8159,3443782.55664062,9939.81126345454
06037232110,162,845,19.2,District 2,Los Angeles - West Vernon,SPA 6 - South,8160,4089411.64941406,8787.53224980755
06037232120,194,1465,13.2,District 2,Los Angeles - West Vernon,SPA 6 - South,8161,5662639.11035156,9729.1288730113
06037232200,133,866,15.4,District 2,Los Angeles - Vermont Square,SPA 6 - South,8162,5628749.46386719,10868.6407454484
06037232300,164,1229,13.3,District 2,Los Angeles - Vermont Square,SPA 6 - South,8163,6767725.02050781,11548.1219987442
06037232401,124,1069,11.6,District 2,Los Angeles - West Vernon,SPA 6 - South,8164,6132389.53222656,11911.3022133159
06037232402,32,1003,3.2,District 2,Los Angeles - West Vernon,SPA 6 - South,8165,5847553.98632812,11262.2418967666
06037232500,127,1469,8.6,District 2,Los Angeles - West Vernon,SPA 6 - South,8166,8278204.67089844,11953.55897736
06037232601,87,548,15.9,District 2,Los Angeles - West Vernon,SPA 6 - South,8167,2829224.06835938,6995.45407557735
06037232602,191,1339,14.3,District 2,Los Angeles - West Vernon,SPA 6 - South,8168,5717382.13671875,9605.28297114218
06037232701,67,534,12.5,District 2,Los Angeles - West Vernon,SPA 6 - South,8169,2986948.06640625,7152.5899758522
06037232702,154,980,15.7,District 2,Los Angeles - West Vernon,SPA 6 - South,8170,4880011.48535156,8854.57067104209
06037232800,124,925,13.4,District 2,Los Angeles - South Park,SPA 6 - South,8171,4643362.63867188,8648.31698145913
06037234001,117,995,11.8,District 2,Los Angeles - Leimert Park,SPA 6 - South,8172,7211328.69726562,15620.8968736654
06037234002,87,1081,8,District 2,Los Angeles - Leimert Park,SPA 6 - South,8173,6177447.26269531,13218.7924253184
06037234200,68,1140,6,District 2,Los Angeles - Crenshaw District,SPA 6 - South,8174,9553866.94140625,12926.1239646779
06037234301,138,1012,13.6,District 2,Los Angeles - Leimert Park,SPA 6 - South,8175,5376254.29980469,9391.18011265499
06037234302,122,1375,8.9,District 2,Los Angeles - Leimert Park,SPA 6 - South,8176,3925948.75878906,9225.64291236367
06037234501,43,870,4.9,District 2,Los Angeles - Leimert Park,SPA 6 - South,8177,8201487.55273438,12601.5240264856
06037234502,214,1114,19.2,District 2,Los Angeles - Leimert Park,SPA 6 - South,8178,5870200.31152344,11641.7628818003
06037234600,252,1623,15.5,District 2,Los Angeles - Hyde Park,SPA 6 - South,8179,14005780.6660156,17543.2964905192
06037234700,91,1265,7.2,District 2,Los Angeles - Hyde Park,SPA 6 - South,8180,8008087.94433594,14743.3148294963
06037234800,104,1067,9.7,District 2,Los Angeles - Hyde Park,SPA 6 - South,8181,7041478.18652344,10614.4605349123
06037234901,359,1202,29.9,District 2,Los Angeles - Hyde Park,SPA 6 - South,8182,3502662.12402344,7934.89949621002
06037234902,821,2054,40,District 2,Los Angeles - Hyde Park,SPA 6 - South,8183,4820942.61523438,9961.98851742545
06037235100,141,1765,8,District 2,Los Angeles - View Heights,SPA 6 - South,8184,12641574.4375,17923.8164136641
06037235201,120,967,12.4,District 2,Los Angeles - Hyde Park,SPA 6 - South,8185,7063869.28808594,10605.2212138761
06037235202,378,1625,23.3,District 2,Los Angeles - Hyde Park,SPA 6 - South,8186,9155251.6640625,13208.5064389418
06037236001,130,1902,6.8,District 2,Los Angeles - Baldwin Hills,SPA 6 - South,8187,23649209.7431641,27665.3806108931
06037236101,473,1273,37.2,District 2,Los Angeles - Baldwin Hills,SPA 6 - South,8188,6700471.33789062,11551.6135499079
06037236102,168,1948,8.6,District 2,Los Angeles - Baldwin Hills,SPA 6 - South,8189,5497542.31933594,11854.5134229504
06037236203,291,1436,20.3,District 2,Los Angeles - Baldwin Hills,SPA 6 - South,8190,3636276.61425781,10600.5659875318
06037236205,273,1208,22.6,District 2,Los Angeles - Baldwin Hills,SPA 6 - South,8191,1826340.07226562,6036.84350643311
06037236206,141,1345,10.5,District 2,Los Angeles - Baldwin Hills,SPA 6 - South,8192,2978346.14648438,9561.08837950934
06037261104,38,714,5.3,District 3,Los Angeles - Beverly Crest,SPA 5 - West,8193,49580283.8720703,40730.7261494754
06037236400,185,1981,9.3,District 2,Los Angeles - Baldwin Hills,SPA 6 - South,8194,14351405.0302734,19215.0662827434
06037237101,241,962,25.1,District 2,Los Angeles - Harvard Park,SPA 6 - South,8195,6727302.86523438,10336.7248046383
06037237102,236,1001,23.6,District 2,Los Angeles - Harvard Park,SPA 6 - South,8196,4920014.79589844,9010.33854834588
06037237201,58,938,6.2,District 2,Los Angeles - Harvard Park,SPA 6 - South,8197,4880577.70410156,8888.39111865612
06037237202,272,1268,21.5,District 2,Los Angeles - Harvard Park,SPA 6 - South,8198,11940267.7265625,14382.6783997977
06037237300,266,1821,14.6,District 2,Los Angeles - Harvard Park,SPA 6 - South,8199,10718169.9794922,13449.660095138
06037237401,104,1018,10.2,District 2,Los Angeles - Harvard Park,SPA 6 - South,8200,5561774.03808594,9556.73321006847
06037237402,186,1005,18.5,District 2,Los Angeles - Harvard Park,SPA 6 - South,8201,5611790.88671875,9623.63511947636
06037237500,206,760,27.1,District 2,Los Angeles - Harvard Park,SPA 6 - South,8202,3662843.74414062,8228.37397718719
06037237600,146,1173,12.4,District 2,Los Angeles - Harvard Park,SPA 6 - South,8203,5478030.37597656,9466.70961526742
06037237710,80,1067,7.5,District 2,Los Angeles - Vermont Knolls,SPA 6 - South,8204,4650006.12988281,9396.96215978695
06037237720,153,902,17,District 2,Los Angeles - Vermont Knolls,SPA 6 - South,8205,3494748.20507812,8723.91326025211
06037237800,12,1175,1,District 2,Los Angeles - Vermont Knolls,SPA 6 - South,8206,10357981.0556641,13044.5115551577
06037237900,109,1349,8.1,District 2,Los Angeles - Manchester Square,SPA 6 - South,8207,10549986.7636719,13264.7374962075
06037238000,239,2219,10.8,District 2,Los Angeles - Gramercy Place,SPA 6 - South,8208,17906006.8320312,21142.1625767851
06037238100,312,2060,15.1,District 2,Los Angeles - Manchester Square,SPA 6 - South,8209,10587598.2314453,13269.9477535659
06037238200,459,2208,20.8,District 2,Los Angeles - Vermont Knolls,SPA 6 - South,8210,11157102.0644531,13782.3149381101
06037238310,211,1294,16.3,District 2,Los Angeles - Vermont Vista,SPA 6 - South,8211,4320028.73339844,9246.13752550706
06037238320,374,1098,34.1,District 2,Los Angeles - Vermont Vista,SPA 6 - South,8212,5012874.55371094,9624.82652954107
06037238400,217,1753,12.4,District 2,Los Angeles - Gramercy Place,SPA 6 - South,8213,14006761.8779297,15894.455049153
06037239201,134,808,16.6,District 2,Los Angeles - Florence-Firestone,SPA 6 - South,8214,4877789.4765625,8888.21872543183
06037239202,159,1222,13,District 2,Los Angeles - Florence-Firestone,SPA 6 - South,8215,13691595.8847656,15791.4385893177
06037239310,142,974,14.6,District 2,Los Angeles - Florence-Firestone,SPA 6 - South,8216,5699809.41503906,9677.89966932289
06037239320,119,811,14.7,District 2,Los Angeles - Florence-Firestone,SPA 6 - South,8217,3736299.66894531,8282.41082861323
06037239330,67,738,9.1,District 2,Los Angeles - Florence-Firestone,SPA 6 - South,8218,10580761.640625,13361.7384554444
06037239501,122,950,12.8,District 2,Los Angeles - Florence-Firestone,SPA 6 - South,8219,5082167.45703125,10513.2360128299
06037239502,55,801,6.9,District 2,Los Angeles - Florence-Firestone,SPA 6 - South,8220,5530770.92578125,10756.1706189989
06037239601,164,914,17.9,District 2,Los Angeles - Florence-Firestone,SPA 6 - South,8221,4545280.95117188,9594.69921128326
06037239602,95,933,10.2,District 2,Los Angeles - Florence-Firestone,SPA 6 - South,8222,3845027.53613281,9271.75153067478
06037239701,122,1091,11.2,District 2,Los Angeles - Vermont Vista,SPA 6 - South,8223,4508003.28417969,9360.69645198075
06037239702,155,1103,14.1,District 2,Los Angeles - Florence-Firestone,SPA 6 - South,8224,5144301.43554688,9931.14551553622
06037239801,92,975,9.4,District 2,Los Angeles - Florence-Firestone,SPA 6 - South,8225,3980807.76074219,9958.62480693049
06037239802,206,1328,15.5,District 2,Los Angeles - Florence-Firestone,SPA 6 - South,8226,6561812.22363281,11250.5711661667
06037240010,190,1035,18.4,District 2,Los Angeles - Green Meadows,SPA 6 - South,8227,6336452.79003906,12212.7333309262
06037240020,179,1307,13.7,District 2,Los Angeles - Green Meadows,SPA 6 - South,8228,7790629.78125,12722.9723437773
06037240200,266,1485,17.9,District 2,Los Angeles - Vermont Vista,SPA 6 - South,8229,8032877.47558594,11276.4741880307
06037240301,86,887,9.7,District 2,Los Angeles - Vermont Vista,SPA 6 - South,8230,5093418.44238281,9216.50483807673
06037240302,72,691,10.4,District 2,Los Angeles - Vermont Vista,SPA 6 - South,8231,3686435.28125,8051.17076322715
06037240401,216,1546,14,District 2,Los Angeles - Vermont Vista,SPA 6 - South,8232,7425477.24414062,11308.9953420299
06037240402,78,1122,7,District 2,Los Angeles - Vermont Vista,SPA 6 - South,8233,6501801.41699219,11122.670313936
06037240500,233,1639,14.2,District 2,Los Angeles - Vermont Vista,SPA 6 - South,8234,8737575.60839844,12255.235306812
06037240600,150,1144,13.1,District 2,Los Angeles - Green Meadows,SPA 6 - South,8235,7263550.40917969,11288.2065772919
06037240700,80,1652,4.8,District 2,Los Angeles - Green Meadows,SPA 6 - South,8236,12880469.2900391,14724.81115048
06037240800,180,1077,16.7,District 2,Los Angeles - Century Palms/Cove,SPA 6 - South,8237,7005454.23046875,13445.6999736636
06037240901,30,537,5.6,District 2,Los Angeles - Century Palms/Cove,SPA 6 - South,8238,3800170.60351562,10910.4369507692
06037240902,85,757,11.2,District 2,Los Angeles - Century Palms/Cove,SPA 6 - South,8239,7585305.74121094,12509.3891870075
06037241001,35,1101,3.2,District 2,Los Angeles - Century Palms/Cove,SPA 6 - South,8240,9747047.55664062,18114.1789790986
06037241002,129,999,12.9,District 2,Los Angeles - Century Palms/Cove,SPA 6 - South,8241,7571743.70214844,12800.3049701803
06037241110,49,820,6,District 2,Los Angeles - Century Palms/Cove,SPA 6 - South,8242,5238107.03515625,10529.7053894512
06037241120,504,1229,41,District 2,Los Angeles - Century Palms/Cove,SPA 6 - South,8243,7149192.07910156,11601.4160065632
06037241201,128,930,13.8,District 2,Los Angeles - Figueroa Park Square,SPA 6 - South,8244,5231320.47558594,10180.3654788723
06037241202,299,1668,17.9,District 2,Los Angeles - Figueroa Park Square,SPA 6 - South,8245,12518667.21875,14029.2928760976
06037241300,86,713,12.1,District 2,Los Angeles - Figueroa Park Square,SPA 6 - South,8246,5630605.65917969,9955.3828836395
06037241400,137,943,14.5,District 2,Los Angeles - Century Palms/Cove,SPA 6 - South,8247,6166191.25488281,10706.6383884159
06037242000,223,1217,18.3,District 2,Los Angeles - Watts,SPA 6 - South,8248,6922020.08300781,10404.6997280644
06037242100,210,709,29.6,District 2,Los Angeles - Watts,SPA 6 - South,8249,4942033.32910156,9051.64187238467
06037242201,120,1018,11.8,District 2,Los Angeles - Watts,SPA 6 - South,8250,4409735.49121094,8470.71411477758
06037242202,179,777,23,District 2,Los Angeles - Watts,SPA 6 - South,8251,4348043.47363281,11300.8003542198
06037242300,236,1275,18.5,District 2,Los Angeles - Watts,SPA 6 - South,8252,6883493.04785156,11108.1565793124
06037242600,600,1413,42.5,District 2,Los Angeles - Watts,SPA 6 - South,8253,5116646.26757812,9151.55685723609
06037242700,222,1298,17.1,District 2,Los Angeles - Watts,SPA 6 - South,8254,10940401.4726562,14365.0570333065
06037243001,23,733,3.1,District 2,Los Angeles - Watts,SPA 6 - South,8255,3722265.80957031,8165.62894130575
06037243002,0,612,0,District 2,Los Angeles - Watts,SPA 6 - South,8256,4195637.16210938,8644.36003308507
06037243100,256,1478,17.3,District 2,Los Angeles - Watts,SPA 6 - South,8257,6304772.77050781,10561.3985211015
06037261102,12,1422,0.8,District 3,Los Angeles - Beverly Crest,SPA 5 - West,8258,85407661.2402344,51227.1578642037
06037261103,45,739,6.1,District 3,Los Angeles - Beverly Crest,SPA 5 - West,8259,22597179.5595703,25395.6469698774
06037261200,28,1677,1.7,District 3,Los Angeles - Beverly Crest,SPA 5 - West,8260,82038321.5410156,56064.1652330753
06037262100,30,1074,2.8,District 3,Los Angeles - Bel Air,SPA 5 - West,8261,94268460.6650391,66231.9380289635
06037262200,12,1834,0.7,District 3,Los Angeles - Bel Air,SPA 5 - West,8262,92556288.2451172,51023.0312402248
06037262301,17,882,1.9,District 3,Los Angeles - Brentwood,SPA 5 - West,8263,140668877.107422,70786.5567885499
06037262302,87,1334,6.5,District 3,Los Angeles - Brentwood,SPA 5 - West,8264,33189565.1259766,31673.588283253
06037262303,3,1035,0.3,District 3,Los Angeles - Brentwood,SPA 5 - West,8265,27867591.1425781,27207.2435378344
06037262400,67,1081,6.2,District 3,Los Angeles - Mandeville Canyon,SPA 5 - West,8266,121143587.916992,72274.4100668943
06037262501,18,1362,1.3,District 3,Los Angeles - Pacific Palisades,SPA 5 - West,8267,17477545.7080078,19392.9434073478
06037262601,23,1273,1.8,District 3,Los Angeles - Palisades Highlands,SPA 5 - West,8268,39178592.9609375,34168.3597573382
06037262604,87,2222,3.9,District 3,Los Angeles - Pacific Palisades,SPA 5 - West,8269,60968352.4326172,50692.9384565978
06037262704,65,1579,4.1,District 3,Los Angeles - Pacific Palisades,SPA 5 - West,8270,19521291.0205078,24493.0501348915
06037262706,44,1280,3.4,District 3,Los Angeles - Pacific Palisades,SPA 5 - West,8271,23157872.0234375,21210.2058288915
06037262802,59,1561,3.8,District 3,Los Angeles - Pacific Palisades,SPA 5 - West,8272,35627253.8730469,36744.7046863434
06037264000,0,1254,0,District 3,Los Angeles - Brentwood,SPA 5 - West,8273,20114439.1982422,22839.6036538763
06037264102,162,1686,9.6,District 3,Los Angeles - Brentwood,SPA 5 - West,8274,4343038.61425781,10171.0810124122
06037264103,41,1623,2.5,District 3,Los Angeles - Brentwood,SPA 5 - West,8275,2490260.74609375,7354.9916877505
06037264303,95,1578,6,District 3,Los Angeles - Brentwood,SPA 5 - West,8276,2261081.6015625,6586.0236652056
06037264304,67,1307,5.1,District 3,Los Angeles - Brentwood,SPA 5 - West,8277,2225741.22460938,7198.82702488835
06037264305,115,1887,6.1,District 3,Los Angeles - Brentwood,SPA 5 - West,8278,14595887.8798828,19041.3321754964
06037264306,66,873,7.6,District 3,Los Angeles - Brentwood,SPA 5 - West,8279,3884954.24414062,8953.87718670341
06037265100,325,1263,25.7,District 3,Los Angeles - Westwood,SPA 5 - West,8280,25359898.2792969,23623.5309086495
06037265201,132,788,16.8,District 3,Los Angeles - Westwood,SPA 5 - West,8281,4644328.41699219,11660.5075505666
06037265203,142,1037,13.7,District 3,Los Angeles - Westwood,SPA 5 - West,8282,3384581.37890625,8364.39171620167
06037265204,211,743,28.4,District 3,Los Angeles - Westwood,SPA 5 - West,8283,2769406.64648438,7451.48028179698
06037265301,0,0,,District 3,Los Angeles - Westwood,SPA 5 - West,8284,17371241.0820312,20071.7787038585
06037265303,318,1532,20.8,District 3,Los Angeles - Westwood,SPA 5 - West,8285,1594116.39746094,5706.96420053156
06037265304,281,913,30.8,District 3,Los Angeles - Westwood,SPA 5 - West,8286,1394810.98925781,5790.89780039795
06037265306,132,436,30.3,District 3,Los Angeles - Westwood,SPA 5 - West,8287,961217.958984375,4565.47416729314
06037265307,344,943,36.5,District 3,Los Angeles - Westwood,SPA 5 - West,8288,2468513.82714844,7795.62628810521
06037265410,7,642,1.1,District 3,Los Angeles - Brentwood,SPA 5 - West,8289,7638860,15973.5504310932
06037265420,41,611,6.7,District 3,Los Angeles - Westwood,SPA 5 - West,8290,7849221.04296875,12202.5691789749
06037265521,159,1120,14.2,District 3,Los Angeles - Westwood,SPA 5 - West,8291,1452625.41210938,5481.34159352196
06037265522,177,1031,17.2,District 3,Los Angeles - Westwood,SPA 5 - West,8292,2667208.06054688,7734.37965387551
06037265523,27,1298,2.1,District 3,Los Angeles - Westwood,SPA 5 - West,8293,3627106.28125,7646.92736511404
06037265524,47,1358,3.5,District 3,Los Angeles - Westwood,SPA 5 - West,8294,4685379.44921875,8662.14900532414
06037265601,125,1400,8.9,District 3,Los Angeles - Westwood,SPA 5 - West,8295,6758653.25585938,11344.1722563052
06037265602,225,1591,14.1,District 3,Los Angeles - Westwood,SPA 5 - West,8296,3614948.77441406,9204.14860572977
06037265701,14,853,1.6,District 3,Los Angeles - Westwood,SPA 5 - West,8297,9188262.40039062,15334.421964627
06037265702,166,1546,10.7,District 3,Los Angeles - Westwood,SPA 5 - West,8298,4106623.734375,8615.57387002363
06037267101,152,1348,11.3,District 3,Los Angeles - Century City,SPA 5 - West,8299,5094799.38769531,9328.17499684459
06037267102,136,1535,8.9,District 3,Los Angeles - Century City,SPA 5 - West,8300,6863044.90332031,10650.8145738421
06037267201,12,1402,0.9,District 3,Los Angeles - West Los Angeles,SPA 5 - West,8301,6481656.11425781,10588.1816264212
06037267202,165,1605,10.3,District 3,Los Angeles - West Los Angeles,SPA 5 - West,8302,6201058.95507812,10207.7605167507
06037267300,255,2141,11.9,District 3,Los Angeles - West Los Angeles,SPA 5 - West,8303,4635901.66015625,8676.10835439837
06037267403,154,1859,8.3,District 3,Los Angeles - West Los Angeles,SPA 5 - West,8304,2520972.80664062,7862.05293824349
06037267404,94,1777,5.3,District 3,Los Angeles - West Los Angeles,SPA 5 - West,8305,3117365.171875,7231.28504555003
06037267405,41,1457,2.8,District 3,Los Angeles - West Los Angeles,SPA 5 - West,8306,2296740.30566406,6131.80820545199
06037267406,44,1106,4,District 3,Los Angeles - West Los Angeles,SPA 5 - West,8307,2315701.02050781,6320.03991672016
06037267502,154,1641,9.4,District 3,Los Angeles - West Los Angeles,SPA 5 - West,8308,4726561.77148438,8729.49009511803
06037267503,93,1196,7.8,District 3,Los Angeles - West Los Angeles,SPA 5 - West,8309,2126539.04199219,6123.39547314434
06037267504,315,1889,16.7,District 3,Los Angeles - West Los Angeles,SPA 5 - West,8310,2703197.72949219,6798.48655616878
06037267600,237,1372,17.3,District 3,Los Angeles - West Los Angeles,SPA 5 - West,8311,13667713.1103516,15004.2722122777
06037267700,148,1926,7.7,District 3,Los Angeles - West Los Angeles,SPA 5 - West,8312,8734385.95996094,12174.9433891778
06037267800,118,1696,7,District 3,Los Angeles - Rancho Park,SPA 5 - West,8313,12404027.4277344,14893.816660292
06037267901,343,1890,18.1,District 3,Los Angeles - Century City,SPA 5 - West,8314,12154628.453125,14915.0995692222
06037267902,54,1703,3.2,District 3,Los Angeles - Century City,SPA 5 - West,8315,8318198.16992188,12819.5856204416
06037269000,9,2085,0.4,District 3,Los Angeles - Cheviot Hills,SPA 5 - West,8316,24591678.8359375,28595.8458644189
06037269100,161,1590,10.1,District 3,Los Angeles - Beverlywood,SPA 5 - West,8317,8969469.2109375,12201.3208703424
06037269300,34,1428,2.4,District 3,Los Angeles - Cheviot Hills,SPA 5 - West,8318,23755281.8125,20156.5347956459
06037269500,42,1386,3,District 3,Los Angeles - Beverlywood,SPA 5 - West,8319,15097437.5771484,17754.2665887919
06037269601,165,1089,15.2,District 3,Los Angeles - Cadillac-Corning,SPA 5 - West,8320,3605287.20019531,7562.59727069852
06037269602,44,817,5.4,District 3,Los Angeles - Cadillac-Corning,SPA 5 - West,8321,3114965.6953125,7320.27658309864
06037269700,69,1490,4.6,District 3,Los Angeles - Reynier Village,SPA 5 - West,8322,9754783.43945312,14608.4880263669
06037269800,112,1455,7.7,District 3,Los Angeles - Beverlywood,SPA 5 - West,8323,4851981.453125,11975.26717646
06037269903,259,1927,13.4,District 3,Los Angeles - Palms,SPA 5 - West,8324,3055382.6171875,7705.90889958854
06037269905,107,1399,7.6,District 3,Los Angeles - Palms,SPA 5 - West,8325,2470914.90527344,7675.65244978225
06037269906,132,1590,8.3,District 3,Los Angeles - Palms,SPA 5 - West,8326,2228641.22363281,7454.92256128818
06037269907,133,1352,9.8,District 3,Los Angeles - Palms,SPA 5 - West,8327,2960305.25878906,7579.40613029215
06037269908,230,1313,17.5,District 3,Los Angeles - Palms,SPA 5 - West,8328,1797698.93359375,6587.59117563071
06037269909,70,1303,5.4,District 3,Los Angeles - Palms,SPA 5 - West,8329,1828606.28027344,5970.59758982416
06037270101,91,1166,7.8,District 3,Los Angeles - Palms,SPA 5 - West,8330,4196370.65332031,11752.1217945184
06037270102,60,1057,5.7,District 3,Los Angeles - Palms,SPA 5 - West,8331,2092525.32421875,7567.6825710571
06037270200,75,1255,6,District 3,Los Angeles - Regent Square,SPA 5 - West,8332,8055280.75097656,14099.7626536215
06037270300,46,1141,4,District 2,Los Angeles - Faircrest Heights,SPA 4 - Metro,8333,10522641.6972656,13635.1289087362
06037271100,99,896,11,District 3,Los Angeles - Rancho Park,SPA 5 - West,8334,8635387.59667969,14142.1481793455
06037271200,120,1237,9.7,District 3,Los Angeles - Mar Vista,SPA 5 - West,8335,5725637.53515625,13655.4397795212
06037271300,98,2166,4.5,District 3,Los Angeles - Mar Vista,SPA 5 - West,8336,15813444.8388672,19320.266506748
06037271400,31,1372,2.3,District 3,Los Angeles - Mar Vista,SPA 5 - West,8337,12357799.9384766,14485.3690581844
06037271500,35,1320,2.7,District 3,Los Angeles - Mar Vista,SPA 5 - West,8338,9788883.35058594,13020.26340254
06037271600,86,2061,4.2,District 3,Los Angeles - Mar Vista,SPA 5 - West,8339,9781377.4609375,12555.0553203256
06037271702,213,1885,11.3,District 3,Los Angeles - Palms,SPA 5 - West,8340,7592156.96679688,13322.7618111577
06037271703,30,1352,2.2,District 3,Los Angeles - Palms,SPA 5 - West,8341,4857322.57226562,12232.2429762385
06037271704,102,1391,7.3,District 3,Los Angeles - Palms,SPA 5 - West,8342,5847606.82519531,11867.451078572
06037271801,164,1683,9.7,District 3,Los Angeles - Palms,SPA 5 - West,8343,5287108.35058594,9478.41750764255
06037271803,103,1635,6.3,District 3,Los Angeles - Palms,SPA 5 - West,8344,2487168.61914062,6329.04714301577
06037271804,3,1036,0.3,District 3,Los Angeles - Palms,SPA 5 - West,8345,3637620.84375,9969.11294726416
06037271901,101,1378,7.3,District 3,Los Angeles - Mar Vista,SPA 5 - West,8346,7067853.58984375,10703.5282348266
06037271902,65,1861,3.5,District 3,Los Angeles - Mar Vista,SPA 5 - West,8347,9898373.58300781,12730.5976019258
06037272100,56,1857,3,District 3,Los Angeles - Mar Vista,SPA 5 - West,8348,12914516.2705078,14801.8180768641
06037272201,81,981,8.3,District 3,Los Angeles - Mar Vista,SPA 5 - West,8349,2785886.08203125,6699.03005577761
06037272202,99,1563,6.3,District 3,Los Angeles - Mar Vista,SPA 5 - West,8350,3307453.45800781,8738.0496934549
06037272301,79,1394,5.7,District 3,Los Angeles - Mar Vista,SPA 5 - West,8351,6629158.59375,12451.389453796
06037272302,317,1895,16.7,District 3,Los Angeles - Mar Vista,SPA 5 - West,8352,5447958.46191406,10544.9360954682
06037273100,89,1333,6.7,District 3,Los Angeles - Venice,SPA 5 - West,8353,12686074.5966797,15511.8463907631
06037273200,154,1440,10.7,District 3,Los Angeles - Venice,SPA 5 - West,8354,6916004.71386719,11504.1381167441
06037273300,160,1465,10.9,District 3,Los Angeles - Venice,SPA 5 - West,8355,6143477.65625,11182.4426440774
06037273403,331,896,36.9,District 3,Los Angeles - Venice,SPA 5 - West,8356,2869621.47167969,8586.10316146988
06037273404,146,1291,11.3,District 3,Los Angeles - Venice,SPA 5 - West,8357,2649389.50292969,7992.8271823763
06037273502,187,1714,10.9,District 3,Los Angeles - Venice,SPA 5 - West,8358,5716706.65234375,10126.2523331556
06037273600,16,1151,1.4,District 3,Los Angeles - Venice,SPA 5 - West,8359,6348192.07714844,10763.6351953028
06037273700,19,1217,1.6,District 3,Los Angeles - Venice,SPA 5 - West,8360,7435177.84667969,11006.1687801483
06037273800,108,1486,7.3,District 3,Los Angeles - Venice,SPA 5 - West,8361,8023533.62304688,16413.4933632133
06037273902,239,2408,9.9,District 3,Los Angeles - Venice,SPA 5 - West,8362,9576339.77734375,13366.1325032925
06037274100,265,2046,13,District 2,Los Angeles - Venice,SPA 5 - West,8363,6710901.9609375,14042.0986917599
06037274202,205,2253,9.1,District 2,Los Angeles - Marina Peninsula,SPA 5 - West,8364,10042123.1269531,16499.6556489787
06037275101,9,457,2,District 2,Los Angeles - Del Rey,SPA 5 - West,8365,3633314.11035156,9774.92849131878
06037275102,77,1334,5.8,District 2,Los Angeles - Del Rey,SPA 5 - West,8366,6837186.46191406,11952.4838678094
06037275200,204,1658,12.3,District 2,Los Angeles - Del Rey,SPA 5 - West,8367,4985019.02734375,10518.5827495859
06037275311,259,2561,10.1,District 2,Los Angeles - Del Rey,SPA 5 - West,8368,13882947.7021484,17011.1004983739
06037275312,0,1058,0,District 2,Los Angeles - Del Rey,SPA 5 - West,8369,8815611.14746094,14279.504571085
06037275313,100,1701,5.9,District 2,Los Angeles - Del Rey,SPA 5 - West,8370,10505094.609375,15860.0289743989
06037275400,274,2389,11.5,District 2,Los Angeles - Del Rey,SPA 5 - West,8371,8095239.0546875,13033.9955791604
06037275500,238,1756,13.6,District 2,Los Angeles - Del Rey,SPA 5 - West,8372,8448458.58886719,11616.751280014
06037275603,79,1218,6.5,District 2,Los Angeles - Playa Vista,SPA 5 - West,8373,11017801.6728516,16764.5907293169
06037275604,232,4919,4.7,District 2,Los Angeles - Playa Vista,SPA 5 - West,8374,16679063.9941406,25351.3079642135
06037275605,44,1707,2.6,District 2,Los Angeles - Playa Vista,SPA 5 - West,8375,11233416.4560547,17377.2228422322
06037276000,65,2949,2.2,District 2,Los Angeles - Westchester,SPA 5 - West,8376,25266210.1015625,22460.2137892825
06037276101,62,1949,3.2,District 2,Los Angeles - Westchester,SPA 5 - West,8377,3546770.91992188,10389.583553457
06037276102,224,1653,13.6,District 2,Los Angeles - Westchester,SPA 5 - West,8378,7033821.76464844,20268.9176519023
06037276400,33,1473,2.2,District 2,Los Angeles - Westchester,SPA 5 - West,8379,13719925.2001953,16195.913303058
06037276500,8,741,1.1,District 2,Los Angeles - Westchester,SPA 5 - West,8380,12850240.875,15352.7451887596
06037276601,6,1709,0.4,District 2,Los Angeles - Westchester,SPA 5 - West,8381,24148517.6640625,23190.2286017538
06037276605,0,1312,0,District 2,Los Angeles - Westchester,SPA 5 - West,8382,2509882.21386719,7961.15376200451
06037276606,7,1843,0.4,District 2,Los Angeles - Westchester,SPA 5 - West,8383,2360108.00488281,7249.35599351994
06037276607,117,1384,8.5,District 2,Los Angeles - Westchester,SPA 5 - West,8384,5038397.59472656,11123.2188906259
06037276608,82,1079,7.6,District 2,Los Angeles - Westchester,SPA 5 - West,8385,3821364.40722656,8504.29798788105
06037277000,38,2154,1.8,District 2,Los Angeles - Westchester,SPA 5 - West,8386,24690966.8134766,21806.3264287516
06037277100,0,1107,0,District 2,Los Angeles - Westchester,SPA 5 - West,8387,13342441.109375,15079.625183576
06037277200,61,966,6.3,District 2,Los Angeles - Westchester,SPA 5 - West,8388,11329446.2939453,15060.5075310795
06037277400,0,0,,District 2,Los Angeles - Westchester,SPA 5 - West,8389,6827588.64453125,10436.4406511585
06037278001,138,1088,12.7,District 2,Los Angeles - Westchester,SPA 5 - West,8390,17423890.3818359,25039.057854707
06037278102,30,1431,2.1,District 2,Los Angeles - Playa Del Rey,SPA 5 - West,8391,16249113.2753906,24720.6077799528
06037291110,329,1385,23.8,District 2,Los Angeles - Harbor Gateway,SPA 8 - South Bay,8392,7638453.65332031,11541.8316074383
06037291120,74,622,11.9,District 2,Los Angeles - Harbor Gateway,SPA 8 - South Bay,8393,7550421.375,10995.0416891156
06037291130,33,991,3.3,District 2,Los Angeles - Harbor Gateway,SPA 8 - South Bay,8394,13899073.2744141,15716.6224625271
06037291210,119,1709,7,District 2,Los Angeles - Harbor Gateway,SPA 8 - South Bay,8395,13398098.6005859,15541.9349483896
06037291220,71,1063,6.7,District 2,Los Angeles - Harbor Gateway,SPA 8 - South Bay,8396,8858200.55859375,12160.6940398644
06037291300,25,1120,2.2,District 2,Los Angeles - Harbor Gateway,SPA 8 - South Bay,8397,25887162.1796875,31571.6120236208
06037292001,56,1344,4.2,District 2,Los Angeles - Harbor Gateway,SPA 8 - South Bay,8398,37918953.3535156,29138.5104200557
06037292002,0,534,0,District 2,Los Angeles - Harbor Gateway,SPA 8 - South Bay,8399,5061207.34375,9234.41081380789
06037293203,55,1005,5.5,District 2,Los Angeles - Harbor Gateway,SPA 8 - South Bay,8400,5040975.88476562,9621.54570739352
06037293204,14,1003,1.4,District 2,Los Angeles - Harbor Gateway,SPA 8 - South Bay,8401,6513320.20800781,13400.475746152
06037293205,86,1121,7.7,District 2,Los Angeles - Harbor Gateway,SPA 8 - South Bay,8402,6862977.63769531,11403.714366982
06037293206,76,794,9.6,District 2,Los Angeles - Harbor Gateway,SPA 8 - South Bay,8403,4486000.35839844,9171.07582414312
06037293301,12,954,1.3,District 4,Los Angeles - Harbor City,SPA 8 - South Bay,8404,9201180.93359375,14207.0032790495
06037293302,10,1585,0.6,District 4,Los Angeles - Harbor City,SPA 8 - South Bay,8405,11916286.9541016,14902.2657767639
06037293304,98,1575,6.2,District 4,Los Angeles - Harbor City,SPA 8 - South Bay,8406,6129119.72070312,9931.98026273563
06037293306,9,875,1,District 4,Los Angeles - Harbor Pines,SPA 8 - South Bay,8407,6577544.68554688,11134.2539591579
06037293307,39,901,4.3,District 4,Los Angeles - Harbor City,SPA 8 - South Bay,8408,3662958.82617188,9131.00342625039
06037294110,47,1059,4.4,District 4,Los Angeles - Wilmington,SPA 8 - South Bay,8409,10590939.6855469,16400.1479380781
06037294120,63,602,10.5,District 4,Los Angeles - Wilmington,SPA 8 - South Bay,8410,16869759.6992188,16832.9786429618
06037294200,126,1357,9.3,District 4,Los Angeles - Wilmington,SPA 8 - South Bay,8411,10296592.8867188,12893.7499281582
06037294301,24,639,3.8,District 4,Los Angeles - Wilmington,SPA 8 - South Bay,8412,7888044.32910156,11446.6575339182
06037294302,54,1246,4.3,District 4,Los Angeles - Wilmington,SPA 8 - South Bay,8413,9600668.13867188,14220.2578341498
06037294410,234,1632,14.3,District 4,Los Angeles - Harbor City,SPA 8 - South Bay,8414,8910405.15625,12587.1320119853
06037294421,87,964,9,District 4,Los Angeles - Harbor City,SPA 8 - South Bay,8415,7382310.45117188,16256.872726823
06037294510,56,1117,5,District 4,Los Angeles - Wilmington,SPA 8 - South Bay,8416,5571337.5234375,9763.35100351132
06037294520,95,896,10.6,District 4,Los Angeles - Wilmington,SPA 8 - South Bay,8417,5211929.55664062,9449.87770195008
06037294610,214,1195,17.9,District 4,Los Angeles - Wilmington,SPA 8 - South Bay,8418,8849634.17089844,11869.4336438183
06037294620,42,1058,4,District 4,Los Angeles - Wilmington,SPA 8 - South Bay,8419,9134217.61328125,12417.886180629
06037294701,215,949,22.7,District 4,Los Angeles - Wilmington,SPA 8 - South Bay,8420,18796388.0390625,19485.1339409876
06037294810,64,990,6.5,District 4,Los Angeles - Wilmington,SPA 8 - South Bay,8421,3444865.44921875,7566.38748095248
06037294820,188,968,19.4,District 4,Los Angeles - Wilmington,SPA 8 - South Bay,8422,4127825.86230469,8204.36861713536
06037294830,121,996,12.1,District 4,Los Angeles - Wilmington,SPA 8 - South Bay,8423,9464022.26757812,13633.2488876647
06037294900,110,1038,10.6,District 4,Los Angeles - Wilmington,SPA 8 - South Bay,8424,7285357.00195312,13394.8387665974
06037295103,150,2121,7.1,District 4,Los Angeles - Harbor City,SPA 8 - South Bay,8425,22074575.0517578,24938.1265206046
06037296210,111,1106,10,District 4,Los Angeles - San Pedro,SPA 8 - South Bay,8426,5981280.23339844,9557.87629397241
06037296220,547,1848,29.6,District 4,Los Angeles - San Pedro,SPA 8 - South Bay,8427,5785855.36523438,9581.65523524225
06037296300,193,1951,9.9,District 4,Los Angeles - San Pedro,SPA 8 - South Bay,8428,11738505.4052734,16601.1256975982
06037296401,109,1307,8.3,District 4,Los Angeles - San Pedro,SPA 8 - South Bay,8429,10681000.4384766,13434.5196219816
06037296402,22,1136,1.9,District 4,Los Angeles - San Pedro,SPA 8 - South Bay,8430,11357464.0605469,16116.8219855255
06037296500,175,1290,13.6,District 4,Los Angeles - San Pedro,SPA 8 - South Bay,8431,9789058.328125,13598.1904365696
06037296600,382,2140,17.9,District 4,Los Angeles - San Pedro,SPA 8 - South Bay,8432,9063585.31347656,12269.8704804745
06037296901,107,1567,6.8,District 4,Los Angeles - San Pedro,SPA 8 - South Bay,8433,6646845.77246094,11354.5882494569
06037296902,97,1619,6,District 4,Los Angeles - San Pedro,SPA 8 - South Bay,8434,5307206.01660156,12001.5108092818
06037297001,0,620,0,District 4,Los Angeles - San Pedro,SPA 8 - South Bay,8435,7727721.95410156,13925.1022189432
06037297002,19,1763,1.1,District 4,Los Angeles - San Pedro,SPA 8 - South Bay,8436,8142216.15917969,12365.4578220629
06037297110,317,1577,20.1,District 4,Los Angeles - San Pedro,SPA 8 - South Bay,8437,5247384.73339844,9163.59535042203
06037297120,115,1113,10.3,District 4,Los Angeles - San Pedro,SPA 8 - South Bay,8438,4725188.26855469,9976.87434101229
06037297201,138,1373,10.1,District 4,Los Angeles - San Pedro,SPA 8 - South Bay,8439,4350600.56152344,8255.8115673508
06037297202,201,1612,12.5,District 4,Los Angeles - San Pedro,SPA 8 - South Bay,8440,6198576.31445312,9987.20326031183
06037297300,14,806,1.7,District 4,Los Angeles - San Pedro,SPA 8 - South Bay,8441,13002515.0058594,18304.1123726898
06037297400,97,1761,5.5,District 4,Los Angeles - San Pedro,SPA 8 - South Bay,8442,21748189.8115234,20186.8909832259
06037297501,41,997,4.1,District 4,Los Angeles - San Pedro,SPA 8 - South Bay,8443,11662627.6591797,20684.3004511349
06037297502,33,1042,3.2,District 4,Los Angeles - San Pedro,SPA 8 - South Bay,8444,10264962.3251953,17170.9339677524
06037297601,10,1283,0.8,District 4,Los Angeles - San Pedro,SPA 8 - South Bay,8445,7882240.13085938,18202.0293998728
06037297602,138,1621,8.5,District 4,Los Angeles - San Pedro,SPA 8 - South Bay,8446,6574072.35644531,12185.2949727239
06037300100,101,2207,4.6,District 5,Unincorporated - La Crescenta-Montrose,SPA 2 - San Fernando,8447,50630231.2900391,29108.2307244838
06037300200,169,1941,8.7,District 5,Unincorporated - La Crescenta-Montrose,SPA 2 - San Fernando,8448,20837820.0439453,21680.3601843486
06037300301,117,1973,5.9,District 5,City of Glendale,SPA 2 - San Fernando,8449,66005815.609375,40754.6130418477
06037300400,11,1833,0.6,District 5,City of Glendale,SPA 2 - San Fernando,8450,21730494.8847656,23706.5540324046
06037300501,43,1010,4.3,District 5,Unincorporated - La Crescenta-Montrose,SPA 2 - San Fernando,8451,13649413.2617188,19872.2777149998
06037300503,37,2245,1.6,District 5,Unincorporated - La Crescenta-Montrose,SPA 2 - San Fernando,8452,11694890.0175781,15544.892848739
06037300601,125,2132,5.9,District 5,City of Glendale,SPA 2 - San Fernando,8453,7845815.15917969,16812.2266766706
06037300602,120,1221,9.8,District 5,City of Glendale,SPA 2 - San Fernando,8454,16291737.6884766,23229.1637908952
06037300701,66,2095,3.2,District 5,City of Glendale,SPA 2 - San Fernando,8455,144236000.775391,64161.4267480781
06037300702,92,2014,4.6,District 5,City of Glendale,SPA 2 - San Fernando,8456,123675265.75293,65800.8594000421
06037300800,0,2705,0,District 5,City of Glendale,SPA 2 - San Fernando,8457,65833219.5400391,44428.4511174699
06037300901,41,2045,2,District 5,City of Glendale,SPA 2 - San Fernando,8458,74916984.6386719,42058.8263463653
06037300902,43,748,5.7,District 5,City of Glendale,SPA 2 - San Fernando,8459,46938618.1015625,36143.0003861756
06037301000,92,2029,4.5,District 5,City of Glendale,SPA 2 - San Fernando,8460,22416556.0009766,20656.0677579937
06037301100,219,2785,7.9,District 5,City of Glendale,SPA 2 - San Fernando,8461,14379263.8164062,18268.5956421451
06037301203,217,1718,12.6,District 5,City of Glendale,SPA 2 - San Fernando,8462,5858005.72460938,10508.188467185
06037301204,289,2165,13.3,District 5,City of Glendale,SPA 2 - San Fernando,8463,4440368.94824219,8676.58345023725
06037301205,27,698,3.9,District 5,City of Glendale,SPA 2 - San Fernando,8464,8346100.02929688,12788.326989283
06037301206,212,1891,11.2,District 5,City of Glendale,SPA 2 - San Fernando,8465,8886947.81347656,13369.6077995246
06037301300,8,684,1.2,District 5,City of Glendale,SPA 2 - San Fernando,8466,12607146.0683594,18862.7008962607
06037301400,32,1314,2.4,District 5,City of Glendale,SPA 2 - San Fernando,8467,17216963.6591797,19081.8205903011
06037301501,5,558,0.9,District 5,City of Glendale,SPA 2 - San Fernando,8468,6522353.09960938,14080.9308772942
06037301502,307,2381,12.9,District 5,City of Glendale,SPA 2 - San Fernando,8469,7276905.86425781,15094.3793869588
06037301601,593,2247,26.4,District 5,City of Glendale,SPA 2 - San Fernando,8470,24223119.6796875,25957.0826620517
06037301602,94,1485,6.3,District 5,City of Glendale,SPA 2 - San Fernando,8471,10834400.9238281,15313.7457790141
06037301701,104,1003,10.4,District 5,City of Glendale,SPA 2 - San Fernando,8472,10152082.5322266,15491.4242760215
06037301702,183,2144,8.5,District 5,City of Glendale,SPA 2 - San Fernando,8473,8902944.94335938,12255.0779305691
06037301801,366,2611,14,District 5,City of Glendale,SPA 2 - San Fernando,8474,7768177.18847656,11130.7187741492
06037301802,201,2424,8.3,District 5,City of Glendale,SPA 2 - San Fernando,8475,5105460.73925781,9429.20008497954
06037301901,87,1633,5.3,District 5,City of Glendale,SPA 2 - San Fernando,8476,4955932.3984375,9778.0633728086
06037301902,87,1023,8.5,District 5,City of Glendale,SPA 2 - San Fernando,8477,6808225.88476562,12623.4999161585
06037302002,243,1815,13.4,District 5,City of Glendale,SPA 2 - San Fernando,8478,5417587.6484375,9619.9913964379
06037302003,211,1517,13.9,District 5,City of Glendale,SPA 2 - San Fernando,8479,2544760.93554688,6616.42246697253
06037302004,322,1557,20.7,District 5,City of Glendale,SPA 2 - San Fernando,8480,3654738.13085938,7714.901916407
06037302102,220,2236,9.8,District 5,City of Glendale,SPA 2 - San Fernando,8481,11202904.7714844,17922.6418211106
06037302103,216,1982,10.9,District 5,City of Glendale,SPA 2 - San Fernando,8482,5929508.31152344,9558.60727721642
06037302104,130,1377,9.4,District 5,City of Glendale,SPA 2 - San Fernando,8483,6180959.60351562,12259.2202872295
06037302201,582,1822,31.9,District 5,City of Glendale,SPA 2 - San Fernando,8484,5358036.83007812,10678.2493962189
06037302202,391,1923,20.3,District 5,City of Glendale,SPA 2 - San Fernando,8485,5501323.35546875,10954.1526941282
06037302301,229,1446,15.8,District 5,City of Glendale,SPA 2 - San Fernando,8486,7553840.75292969,13007.8914209013
06037302302,241,1842,13.1,District 5,City of Glendale,SPA 2 - San Fernando,8487,6883613.49121094,11786.805560622
06037302401,166,2810,5.9,District 5,City of Glendale,SPA 2 - San Fernando,8488,14602025.8896484,17870.3745272634
06037302503,292,1477,19.8,District 5,City of Glendale,SPA 2 - San Fernando,8489,3510769.62988281,9965.30780666436
06037302504,252,1364,18.5,District 5,City of Glendale,SPA 2 - San Fernando,8490,4054922.61621094,11446.0050478373
06037302505,225,1309,17.2,District 5,City of Glendale,SPA 2 - San Fernando,8491,5957601.31542969,15531.7866861749
06037302506,171,1143,15,District 5,City of Glendale,SPA 2 - San Fernando,8492,9636277.0546875,14878.5232086619
06037310100,108,1908,5.7,District 5,City of Burbank,SPA 2 - San Fernando,8493,140962898.149414,57067.5175768941
06037310201,133,2009,6.6,District 5,City of Burbank,SPA 2 - San Fernando,8494,11796359.6455078,13936.7123058791
06037310202,125,1871,6.7,District 5,City of Burbank,SPA 2 - San Fernando,8495,9770842.13867188,13449.1188257886
06037310300,22,1128,2,District 5,City of Burbank,SPA 2 - San Fernando,8496,11360593.5976562,18596.2648489513
06037310400,38,1276,3,District 5,City of Burbank,SPA 2 - San Fernando,8497,15082475.8935547,20217.8077723928
06037310501,165,1583,10.4,District 5,City of Burbank,SPA 2 - San Fernando,8498,20963422.0195312,24827.4281253609
06037310601,197,2483,7.9,District 5,City of Burbank,SPA 2 - San Fernando,8499,11177502.2304688,18706.7448512586
06037310602,57,1176,4.8,District 5,City of Burbank,SPA 2 - San Fernando,8500,9484828.12304688,13309.7387165418
06037310701,352,1185,29.7,District 5,City of Burbank,SPA 2 - San Fernando,8501,5677341.24121094,11300.7086183265
06037310703,231,2000,11.6,District 5,City of Burbank,SPA 2 - San Fernando,8502,10636926.6044922,16037.112811069
06037310704,502,2307,21.8,District 5,City of Burbank,SPA 2 - San Fernando,8503,5333001.32714844,9704.47974949453
06037310705,480,1353,35.5,District 5,City of Burbank,SPA 2 - San Fernando,8504,5979763.36425781,10127.2578142789
06037310800,193,2232,8.6,District 5,City of Burbank,SPA 2 - San Fernando,8505,23099262.6640625,23535.0076711311
06037310900,24,2376,1,District 5,City of Burbank,SPA 2 - San Fernando,8506,23368248.2529297,21420.280985747
06037311000,86,1466,5.9,District 5,City of Burbank,SPA 2 - San Fernando,8507,14246451.7666016,15607.497390962
06037311100,45,1467,3.1,District 5,City of Burbank,SPA 2 - San Fernando,8508,18355393.4912109,18011.4663037698
06037311200,17,1279,1.3,District 5,City of Burbank,SPA 2 - San Fernando,8509,10652167.7236328,13819.9564973053
06037311300,80,1640,4.9,District 5,City of Burbank,SPA 2 - San Fernando,8510,13153921.1738281,14547.1227615854
06037311400,65,978,6.6,District 5,City of Burbank,SPA 2 - San Fernando,8511,10104705.7548828,15208.4597136691
06037311500,43,2326,1.8,District 5,City of Burbank,SPA 2 - San Fernando,8512,16117973.7861328,16059.7989774366
06037311601,27,964,2.8,District 5,City of Burbank,SPA 2 - San Fernando,8513,18452308.2822266,18330.4649310809
06037311602,284,2430,11.7,District 5,City of Burbank,SPA 2 - San Fernando,8514,12179364.984375,16988.6222478866
06037311700,43,2744,1.6,District 5,City of Burbank,SPA 2 - San Fernando,8515,25268821.6845703,20833.7930535928
06037311801,62,1330,4.7,District 5,City of Burbank,SPA 2 - San Fernando,8516,6630448.2265625,11856.3349851441
06037311802,74,1555,4.8,District 5,City of Burbank,SPA 2 - San Fernando,8517,8840830.95898438,12277.8858160277
06037320101,19,941,2,District 3,City of San Fernando,SPA 2 - San Fernando,8518,7238442.625,10705.3070143915
06037320102,26,923,2.8,District 3,City of San Fernando,SPA 2 - San Fernando,8519,13134937.1503906,16192.774638967
06037320201,108,1011,10.7,District 3,City of San Fernando,SPA 2 - San Fernando,8520,9919370.21679688,16377.3077128145
06037320202,40,1423,2.8,District 3,City of San Fernando,SPA 2 - San Fernando,8521,17403343.1357422,18454.8492363618
06037320300,189,1940,9.7,District 3,City of San Fernando,SPA 2 - San Fernando,8522,18311304.6943359,18133.0380599582
06037400205,11,843,1.3,District 5,City of Claremont,SPA 3 - San Gabriel,8523,257269945.388672,83970.9139965685
06037400206,13,1802,0.7,District 5,City of Claremont,SPA 3 - San Gabriel,8524,36012647.4296875,31630.957041375
06037400207,0,1540,0,District 5,City of La Verne,SPA 3 - San Gabriel,8525,53926703.7041016,54737.7613468857
06037400208,5,509,1,District 5,City of La Verne,SPA 3 - San Gabriel,8526,8927767.32617188,13629.6612043546
06037400209,33,1678,2,District 5,City of La Verne,SPA 3 - San Gabriel,8527,73713619.6806641,40033.743857603
06037400304,22,2944,0.7,District 5,City of San Dimas,SPA 3 - San Gabriel,8528,34275675.2490234,32601.8256249165
06037400402,13,1315,1,District 5,City of Glendora,SPA 3 - San Gabriel,8529,46905463.6113281,39761.2298875452
06037400403,56,1384,4,District 5,City of San Dimas,SPA 3 - San Gabriel,8530,141579543.541992,57452.2670807595
06037400404,0,1338,0,District 5,City of Glendora,SPA 3 - San Gabriel,8531,174187213.78125,69528.9859384333
06037400501,23,656,3.5,District 5,City of Glendora,SPA 3 - San Gabriel,8532,126474664.727539,53849.2656211697
06037400602,3,1461,0.2,District 1,City of Azusa,SPA 3 - San Gabriel,8533,16399655.4257812,21216.4629217306
06037400603,61,1931,3.2,District 1,City of Azusa,SPA 3 - San Gabriel,8534,98796139.9169922,63990.885751272
06037400605,82,2479,3.3,District 1,City of Azusa,SPA 3 - San Gabriel,8535,53741797.8027344,36422.7247616781
06037400801,59,1937,3,District 5,City of Glendora,SPA 3 - San Gabriel,8536,38549539.0742188,26429.4017017546
06037401001,18,959,1.9,District 5,City of Glendora,SPA 3 - San Gabriel,8537,15614639.7597656,15801.7314621639
06037401002,52,1578,3.3,District 5,City of Glendora,SPA 3 - San Gabriel,8538,15796677.2001953,15899.940598564
06037401101,21,1862,1.1,District 5,City of Glendora,SPA 3 - San Gabriel,8539,32252018.5673828,24742.7749882093
06037401102,101,1340,7.5,District 5,City of Glendora,SPA 3 - San Gabriel,8540,13990094.4306641,15706.1663197364
06037401201,0,1055,0,District 5,City of Glendora,SPA 3 - San Gabriel,8541,25203725.1865234,23432.1169749374
06037401202,17,1331,1.3,District 5,City of Glendora,SPA 3 - San Gabriel,8542,34313906.0683594,25872.4591936502
06037401203,88,1533,5.7,District 5,City of Glendora,SPA 3 - San Gabriel,8543,20569307.9716797,18831.2983482583
06037401303,60,810,7.4,District 5,City of San Dimas,SPA 3 - San Gabriel,8544,62135563.8662109,41210.1444011659
06037401304,37,1812,2,District 5,City of San Dimas,SPA 3 - San Gabriel,8545,106496020.912109,67410.0209161409
06037401311,174,2518,6.9,District 5,City of San Dimas,SPA 3 - San Gabriel,8546,46100076.3867188,31360.479804116
06037401312,139,1844,7.5,District 5,City of San Dimas,SPA 3 - San Gabriel,8547,30386408.3427734,24195.2250880634
06037401500,27,1886,1.4,District 1,City of La Verne,SPA 3 - San Gabriel,8548,50922073.7333984,45255.8819378833
06037401601,222,2333,9.5,District 5,City of La Verne,SPA 3 - San Gabriel,8549,27887783.1669922,28929.6064217943
06037401602,175,2123,8.2,District 5,City of La Verne,SPA 3 - San Gabriel,8550,21834475.1787109,18976.6437225215
06037401705,11,951,1.2,District 5,City of Claremont,SPA 3 - San Gabriel,8551,17315583.3769531,21552.5551536853
06037401706,255,1710,14.9,District 1,City of Pomona,SPA 3 - San Gabriel,8552,13313677.5800781,18816.574040439
06037401707,281,2772,10.1,District 1,City of Pomona,SPA 3 - San Gabriel,8553,22827240.3066406,24435.5416186666
06037401801,102,1591,6.4,District 5,City of Claremont,SPA 3 - San Gabriel,8554,38314920.0205078,25332.7962296796
06037401802,21,1350,1.6,District 5,City of Claremont,SPA 3 - San Gabriel,8555,26326798.8603516,20507.6819781139
06037401901,17,94,18.1,District 5,City of Claremont,SPA 3 - San Gabriel,8556,18501398.7841797,18352.0142835905
06037401902,366,2837,12.9,District 5,City of Claremont,SPA 3 - San Gabriel,8557,28658505.5654297,24752.4156662001
06037402001,114,1420,8,District 5,City of Claremont,SPA 3 - San Gabriel,8558,15719655.8828125,18508.053129808
06037402002,164,1566,10.5,District 5,City of Claremont,SPA 3 - San Gabriel,8559,17796846.78125,17628.0211258988
06037402101,16,1114,1.4,District 1,City of Pomona,SPA 3 - San Gabriel,8560,12898882.0810547,17651.9553539808
06037402102,0,1348,0,District 1,City of Pomona,SPA 3 - San Gabriel,8561,24758097.9736328,20813.0467451038
06037402200,82,2149,3.8,District 1,City of Pomona,SPA 3 - San Gabriel,8562,68339407.1376953,45424.8588727276
06037402301,103,1404,7.3,District 1,City of Pomona,SPA 3 - San Gabriel,8563,14469730.0654297,16679.6358799652
06037402303,44,1018,4.3,District 1,City of Pomona,SPA 3 - San Gabriel,8564,9997929.02929688,13504.3388410004
06037402304,102,1043,9.8,District 1,City of Pomona,SPA 3 - San Gabriel,8565,7510602.43847656,14803.9605663693
06037402403,22,1125,2,District 1,City of Pomona,SPA 3 - San Gabriel,8566,21958282.4160156,31657.2525264617
06037402404,0,4,0,District 1,Unincorporated - Pomona,SPA 3 - San Gabriel,8567,44195676.0869141,35663.1858825648
06037402405,7,576,1.2,District 1,City of Pomona,SPA 3 - San Gabriel,8568,10899580.9394531,17359.6353238893
06037402406,47,1297,3.6,District 1,City of Pomona,SPA 3 - San Gabriel,8569,12578590.3876953,14323.5797517437
06037402501,226,1348,16.8,District 1,City of Pomona,SPA 3 - San Gabriel,8570,11216841.3671875,15458.759709707
06037402503,48,1118,4.3,District 1,City of Pomona,SPA 3 - San Gabriel,8571,9438048.98242188,12811.7088439903
06037402504,95,803,11.8,District 1,City of Pomona,SPA 3 - San Gabriel,8572,6460042.31054688,10587.2689591656
06037402601,30,726,4.1,District 1,City of Pomona,SPA 3 - San Gabriel,8573,11117136.6425781,17688.9368373233
06037402602,194,1910,10.2,District 1,City of Pomona,SPA 3 - San Gabriel,8574,13517328.390625,15292.9034374583
06037402702,158,1429,11.1,District 1,City of Pomona,SPA 3 - San Gabriel,8575,16103320.3193359,18394.9437720466
06037402703,63,1257,5,District 1,City of Pomona,SPA 3 - San Gabriel,8576,11462214.8271484,18753.8937115838
06037402705,17,883,1.9,District 1,City of Pomona,SPA 3 - San Gabriel,8577,9314329.82519531,12971.271031193
06037402706,86,974,8.8,District 1,City of Pomona,SPA 3 - San Gabriel,8578,11470814.4716797,13790.5215066862
06037402801,97,1076,9,District 1,City of Pomona,SPA 3 - San Gabriel,8579,19570734.1650391,22076.2877562266
06037402803,13,757,1.7,District 1,City of Pomona,SPA 3 - San Gabriel,8580,6782161.09667969,10582.1390051238
06037402804,14,983,1.4,District 1,City of Pomona,SPA 3 - San Gabriel,8581,14173729.0966797,16157.1580972157
06037402902,154,1780,8.7,District 1,City of Pomona,SPA 3 - San Gabriel,8582,19841932.1738281,20582.3830242294
06037402903,95,999,9.5,District 1,City of Pomona,SPA 3 - San Gabriel,8583,17098139.4443359,16949.880438606
06037402904,15,900,1.7,District 1,City of Pomona,SPA 3 - San Gabriel,8584,20545177.4394531,20768.1525402469
06037403000,164,1587,10.3,District 1,City of Pomona,SPA 3 - San Gabriel,8585,25935118.1005859,25674.6541635692
06037403305,7,705,1,District 1,City of Diamond Bar,SPA 3 - San Gabriel,8586,15852928.9345703,16169.6051387204
06037403316,120,2654,4.5,District 1,City of Diamond Bar,SPA 3 - San Gabriel,8587,31227870.4306641,28407.3514121099
06037403317,51,1706,3,District 1,City of Pomona,SPA 3 - San Gabriel,8588,45249838.1494141,38495.6475436566
06037403318,70,2141,3.3,District 1,City of Pomona,SPA 3 - San Gabriel,8589,36313472.5625,30162.6617900318
06037403319,17,1641,1,District 1,City of Diamond Bar,SPA 3 - San Gabriel,8590,23949384.9863281,19902.260464735
06037403320,6,1710,0.4,District 1,City of Diamond Bar,SPA 3 - San Gabriel,8591,42268290.5175781,28539.8300731752
06037403321,150,1776,8.4,District 1,City of Diamond Bar,SPA 3 - San Gabriel,8592,68491573.2255859,40641.0739226034
06037403323,19,1779,1.1,District 1,City of Diamond Bar,SPA 3 - San Gabriel,8593,33794601.7744141,26854.3391626017
06037403324,0,2138,0,District 1,City of Diamond Bar,SPA 3 - San Gabriel,8594,85652892.2089844,45729.9764312072
06037403325,65,1605,4,District 1,Unincorporated - Rowland Heights,SPA 3 - San Gabriel,8595,184120306.144531,82994.0611182868
06037403326,24,690,3.5,District 1,City of Diamond Bar,SPA 3 - San Gabriel,8596,20893976.2001953,27695.6394669892
06037403327,20,845,2.4,District 1,City of Industry,SPA 3 - San Gabriel,8597,95594101.1523438,58739.2326598686
06037403328,31,1711,1.8,District 1,City of Diamond Bar,SPA 3 - San Gabriel,8598,30156996.1640625,30930.7010192517
06037403401,95,1421,6.7,District 1,City of Walnut,SPA 3 - San Gabriel,8599,24291577.8173828,31329.9465959848
06037403402,27,992,2.7,District 1,City of Walnut,SPA 3 - San Gabriel,8600,18571800.9755859,17426.7844860501
06037403403,17,1629,1,District 1,City of Walnut,SPA 3 - San Gabriel,8601,42248763.2255859,42482.9612413717
06037403404,27,642,4.2,District 1,City of Walnut,SPA 3 - San Gabriel,8602,25501443.0351562,24508.9409081604
06037403407,9,656,1.4,District 1,City of Walnut,SPA 3 - San Gabriel,8603,50545933.3857422,36577.1983960605
06037403408,64,1939,3.3,District 1,City of Walnut,SPA 3 - San Gabriel,8604,34523037.8583984,25578.8277277132
06037403409,48,1255,3.8,District 1,City of Walnut,SPA 3 - San Gabriel,8605,50692519.3896484,37923.9196674504
06037403500,124,546,22.7,District 1,Unincorporated - Covina,SPA 3 - San Gabriel,8606,52900904.6894531,37011.7206648875
06037403601,20,2152,0.9,District 1,City of Covina,SPA 3 - San Gabriel,8607,52804692.1142578,37368.847428351
06037403702,58,1297,4.5,District 1,City of Covina,SPA 3 - San Gabriel,8608,18411294.7958984,18679.9308836384
06037403703,41,1510,2.7,District 5,City of San Dimas,SPA 3 - San Gabriel,8609,23344441.3515625,22187.8967088395
06037403721,84,1808,4.6,District 1,City of Covina,SPA 3 - San Gabriel,8610,20400845.7539062,20593.0904728214
06037403722,53,1633,3.2,District 1,City of Covina,SPA 3 - San Gabriel,8611,19439753.5732422,18579.5405989707
06037403801,62,2110,2.9,District 5,Unincorporated - Covina (Charter Oak),SPA 3 - San Gabriel,8612,20296824.078125,21430.1634787097
06037403802,85,2107,4,District 5,Unincorporated - Covina (Charter Oak),SPA 3 - San Gabriel,8613,13957913.5546875,15924.8506746077
06037403901,10,860,1.2,District 5,City of Glendora,SPA 3 - San Gabriel,8614,13577493.9433594,16931.3409127041
06037403902,59,1490,4,District 5,City of Glendora,SPA 3 - San Gabriel,8615,22760108.8515625,18615.3924778608
06037404000,114,1380,8.3,District 1,Unincorporated - Azusa,SPA 3 - San Gabriel,8616,14226603.9101562,16068.9152871131
06037404100,58,1475,3.9,District 1,Unincorporated - Azusa,SPA 3 - San Gabriel,8617,14636993.5263672,16139.9370667974
06037404201,160,1062,15.1,District 1,City of Azusa,SPA 3 - San Gabriel,8618,9956456.54199219,13460.7938209712
06037404203,42,912,4.6,District 1,Unincorporated - Azusa,SPA 3 - San Gabriel,8619,6947296.41113281,10555.7668801651
06037404301,139,1582,8.8,District 1,City of Azusa,SPA 3 - San Gabriel,8620,11991064.203125,13912.436241307
06037404302,10,643,1.6,District 1,City of Azusa,SPA 3 - San Gabriel,8621,6618697.20996094,10268.0123877982
06037404401,85,1103,7.7,District 1,City of Azusa,SPA 3 - San Gabriel,8622,15575096.4677734,19965.3374077114
06037404402,24,1207,2,District 1,City of Azusa,SPA 3 - San Gabriel,8623,36232074.2998047,27947.1718509264
06037404501,14,758,1.8,District 1,City of Azusa,SPA 3 - San Gabriel,8624,8564304.77832031,13739.6430517023
06037404503,50,853,5.9,District 1,City of Azusa,SPA 3 - San Gabriel,8625,7056612.65917969,10647.9170160353
06037404504,289,1443,20,District 1,City of Azusa,SPA 3 - San Gabriel,8626,7107181.99609375,10608.756661102
06037404600,23,423,5.4,District 1,City of Irwindale,SPA 3 - San Gabriel,8627,267656399.978516,128183.169741764
06037404701,63,1388,4.5,District 1,City of Baldwin Park,SPA 3 - San Gabriel,8628,18209431.3974609,18131.4639588734
06037404702,67,1394,4.8,District 1,City of Baldwin Park,SPA 3 - San Gabriel,8629,12499953.1044922,16182.227866812
06037404703,39,719,5.4,District 1,City of Baldwin Park,SPA 3 - San Gabriel,8630,14092403.3496094,23492.7752354973
06037404804,6,1069,0.6,District 1,City of Baldwin Park,SPA 3 - San Gabriel,8631,10191726.2832031,13759.9948601937
06037404805,101,762,13.3,District 1,City of Baldwin Park,SPA 3 - San Gabriel,8632,4861665.609375,8754.57721521579
06037404806,79,1517,5.2,District 1,City of Baldwin Park,SPA 3 - San Gabriel,8633,16506072.0644531,18910.7763431315
06037404901,7,1311,0.5,District 1,City of Baldwin Park,SPA 3 - San Gabriel,8634,12261346.625,14494.8011783904
06037404902,36,864,4.2,District 1,City of Baldwin Park,SPA 3 - San Gabriel,8635,7467003.61816406,11500.0556341762
06037404903,7,639,1.1,District 1,City of Baldwin Park,SPA 3 - San Gabriel,8636,5973562.21875,10489.3723113898
06037405001,5,1388,0.4,District 1,City of Baldwin Park,SPA 3 - San Gabriel,8637,18308765.0888672,19200.3391239939
06037405002,9,751,1.2,District 1,City of Baldwin Park,SPA 3 - San Gabriel,8638,9499941.08398438,12525.3776339666
06037405101,42,1285,3.3,District 1,City of Baldwin Park,SPA 3 - San Gabriel,8639,12048533.3691406,14746.6182766115
06037405102,232,1474,15.7,District 1,City of Baldwin Park,SPA 3 - San Gabriel,8640,10230304.5361328,15430.3768621683
06037405201,33,1484,2.2,District 1,City of Baldwin Park,SPA 3 - San Gabriel,8641,14562064.8261719,17731.3135854069
06037405202,98,1110,8.8,District 1,City of Baldwin Park,SPA 3 - San Gabriel,8642,10257609.0322266,13372.3464723319
06037405203,12,724,1.7,District 1,City of Baldwin Park,SPA 3 - San Gabriel,8643,7682965.53710938,13607.0670063959
06037405301,121,945,12.8,District 1,City of West Covina,SPA 3 - San Gabriel,8644,8901118.33007812,19148.1538177085
06037405302,52,1597,3.3,District 1,City of West Covina,SPA 3 - San Gabriel,8645,19352429.7822266,21880.9560068147
06037405400,39,1248,3.1,District 1,Unincorporated - Covina,SPA 3 - San Gabriel,8646,14249791.4189453,20318.2009687467
06037405500,54,1791,3,District 1,City of West Covina,SPA 3 - San Gabriel,8647,20070042.9091797,20060.0038680219
06037405600,202,1727,11.7,District 1,City of West Covina,SPA 3 - San Gabriel,8648,22900755.5986328,23550.1941105889
06037405701,34,1048,3.2,District 1,Unincorporated - Covina,SPA 3 - San Gabriel,8649,11004308.1523438,14380.3511215672
06037405702,20,1476,1.4,District 1,City of Covina,SPA 3 - San Gabriel,8650,14814916.9960938,16435.0153467508
06037405800,11,1650,0.7,District 1,City of Covina,SPA 3 - San Gabriel,8651,20434025.3251953,20932.9660875291
06037405900,75,1270,5.9,District 1,City of Covina,SPA 3 - San Gabriel,8652,14218395.2392578,15922.8458546754
06037406000,68,1537,4.4,District 1,City of Covina,SPA 3 - San Gabriel,8653,20536047.9287109,26184.2889448281
06037406101,26,1212,2.1,District 1,City of Covina,SPA 3 - San Gabriel,8654,14936056.640625,17571.6430591242
06037406103,110,2715,4.1,District 1,City of Covina,SPA 3 - San Gabriel,8655,23750734.0498047,23873.6939274369
06037406201,125,1289,9.7,District 1,City of West Covina,SPA 3 - San Gabriel,8656,8581586.1484375,15669.7469303816
06037406300,65,1937,3.4,District 1,City of West Covina,SPA 3 - San Gabriel,8657,57981527.6367188,34015.2030590421
06037406413,132,2106,6.3,District 1,City of West Covina,SPA 3 - San Gabriel,8658,34177560.2353516,27657.3479643083
06037406500,44,2072,2.1,District 1,City of West Covina,SPA 3 - San Gabriel,8659,22005239.1816406,20242.9818003138
06037406601,148,1539,9.6,District 1,City of West Covina,SPA 3 - San Gabriel,8660,21186357.7158203,18623.5776561725
06037406602,100,1262,7.9,District 1,City of West Covina,SPA 3 - San Gabriel,8661,17123035.5869141,18516.2897791342
06037406701,18,912,2,District 1,City of West Covina,SPA 3 - San Gabriel,8662,10148195.4404297,13554.2565107864
06037406702,123,2168,5.7,District 1,City of West Covina,SPA 3 - San Gabriel,8663,30469700.0214844,24007.9510942646
06037406801,59,1291,4.6,District 1,City of West Covina,SPA 3 - San Gabriel,8664,18663501.1083984,23849.5445507411
06037406903,181,2129,8.5,District 1,Unincorporated - Bassett,SPA 3 - San Gabriel,8665,21082529.9121094,19519.8125324157
06037407001,27,1246,2.2,District 1,Unincorporated - Bassett,SPA 3 - San Gabriel,8666,10738739.59375,14062.2338659622
06037407002,54,717,7.5,District 1,City of Industry,SPA 3 - San Gabriel,8667,34111705.1416016,25658.3521687309
06037407101,103,1081,9.5,District 1,City of La Puente,SPA 3 - San Gabriel,8668,12251102.1982422,15224.6001983138
06037407102,49,1273,3.8,District 1,City of La Puente,SPA 3 - San Gabriel,8669,9930178.4921875,14539.6168599121
06037407201,66,805,8.2,District 1,City of La Puente,SPA 3 - San Gabriel,8670,6955646.68261719,11309.0233683549
06037407202,32,732,4.4,District 1,City of La Puente,SPA 3 - San Gabriel,8671,8682556.02539062,13374.5142338323
06037407301,103,917,11.2,District 1,Unincorporated - West Puente Valley,SPA 3 - San Gabriel,8672,10633047.6083984,15254.5786465491
06037407302,103,784,13.1,District 1,Unincorporated - West Puente Valley,SPA 3 - San Gabriel,8673,8679660.53613281,12141.7395707559
06037407400,8,510,1.6,District 1,City of West Covina,SPA 3 - San Gabriel,8674,6534892.61328125,10297.4292539804
06037407501,13,958,1.4,District 1,Unincorporated - Valinda,SPA 3 - San Gabriel,8675,12165499.5224609,16937.9585891017
06037407502,0,837,0,District 1,Unincorporated - Valinda,SPA 3 - San Gabriel,8676,11081593.4189453,15717.263474017
06037407601,12,1077,1.1,District 1,City of La Puente,SPA 3 - San Gabriel,8677,8434235.2109375,11670.3326582709
06037407602,35,1026,3.4,District 1,City of La Puente,SPA 3 - San Gabriel,8678,9948071.74121094,13193.0828272284
06037407701,20,1081,1.9,District 1,City of La Puente,SPA 3 - San Gabriel,8679,12402985.5810547,15424.4691950991
06037407702,38,1721,2.2,District 1,City of La Puente,SPA 3 - San Gabriel,8680,21579956.1210938,22626.2732530434
06037407801,32,1066,3,District 1,Unincorporated - Valinda,SPA 3 - San Gabriel,8681,11508847.8261719,13102.5333704688
06037407802,27,741,3.6,District 1,City of Industry,SPA 3 - San Gabriel,8682,33598565.5673828,30414.8078532877
06037407901,35,887,3.9,District 1,Unincorporated - Valinda,SPA 3 - San Gabriel,8683,11102395.9619141,14077.8126403019
06037407902,38,519,7.3,District 1,City of West Covina,SPA 3 - San Gabriel,8684,5075594.79492188,9633.17854030043
06037408003,6,1234,0.5,District 1,City of West Covina,SPA 3 - San Gabriel,8685,14617723.3291016,16432.8877700267
06037408004,39,857,4.6,District 1,City of West Covina,SPA 3 - San Gabriel,8686,6762442.37402344,11757.1282687504
06037408005,42,1739,2.4,District 1,City of West Covina,SPA 3 - San Gabriel,8687,39705386.8642578,26695.9841366722
06037408006,87,1066,8.2,District 1,City of West Covina,SPA 3 - San Gabriel,8688,35671275.7607422,25331.5075352901
06037408133,75,1731,4.3,District 1,City of West Covina,SPA 3 - San Gabriel,8689,11451613.4208984,17531.2403531023
06037408134,30,860,3.5,District 1,City of West Covina,SPA 3 - San Gabriel,8690,9391676.95507812,12118.1658311092
06037408135,67,1369,4.9,District 1,City of West Covina,SPA 3 - San Gabriel,8691,12112464.0771484,17385.4776262749
06037408136,41,1011,4.1,District 1,City of West Covina,SPA 3 - San Gabriel,8692,10811237.0097656,16953.0620035282
06037408137,17,1420,1.2,District 1,City of West Covina,SPA 3 - San Gabriel,8693,9039334.9375,14124.3775220183
06037408138,19,1246,1.5,District 1,Unincorporated - San Jose Hills,SPA 3 - San Gabriel,8694,9710533.65136719,16122.8322205486
06037408139,13,843,1.5,District 1,Unincorporated - San Jose Hills,SPA 3 - San Gabriel,8695,8478988.30566406,13014.629646343
06037408140,35,793,4.4,District 1,Unincorporated - San Jose Hills,SPA 3 - San Gabriel,8696,9852174.77734375,13150.9719483575
06037408141,38,1010,3.8,District 1,Unincorporated - San Jose Hills,SPA 3 - San Gabriel,8697,11978519.3193359,17054.0305220855
06037408212,64,1379,4.6,District 1,Unincorporated - Rowland Heights,SPA 3 - San Gabriel,8698,30721179.5205078,22583.0571980264
06037408213,76,1792,4.2,District 1,Unincorporated - Rowland Heights,SPA 3 - San Gabriel,8699,16529677.1513672,20672.7134163532
06037408301,17,1505,1.1,District 1,Unincorporated - Avocado Heights,SPA 3 - San Gabriel,8700,29130110.0947266,30399.5591654467
06037408302,31,1022,3,District 1,Unincorporated - North Whittier,SPA 3 - San Gabriel,8701,36734534.7548828,31927.5963435863
06037408303,11,1278,0.9,District 1,Unincorporated - North Whittier,SPA 3 - San Gabriel,8702,20941704.2900391,27335.3179494031
06037408401,120,1227,9.8,District 1,Unincorporated - Hacienda Heights,SPA 3 - San Gabriel,8703,12356910.4560547,16970.1247253797
06037408402,43,1932,2.2,District 1,Unincorporated - Hacienda Heights,SPA 3 - San Gabriel,8704,124530839.466797,59661.7702419508
06037408503,28,1991,1.4,District 1,Unincorporated - Hacienda Heights,SPA 3 - San Gabriel,8705,45276197.3564453,37524.2875320267
06037408504,30,1446,2.1,District 1,Unincorporated - Hacienda Heights,SPA 3 - San Gabriel,8706,15275206.9912109,18573.2695997526
06037408505,34,719,4.7,District 1,Unincorporated - Hacienda Heights,SPA 3 - San Gabriel,8707,21638099.5830078,21531.9678191171
06037408623,32,990,3.2,District 1,Unincorporated - Hacienda Heights,SPA 3 - San Gabriel,8708,10382928.0751953,13507.1082384547
06037408624,75,1047,7.2,District 1,Unincorporated - Hacienda Heights,SPA 3 - San Gabriel,8709,15031500.3007812,18032.4168635015
06037408625,39,1296,3,District 1,Unincorporated - Hacienda Heights,SPA 3 - San Gabriel,8710,22934940.3085938,20313.1673345702
06037408626,17,1407,1.2,District 1,Unincorporated - Rowland Heights,SPA 3 - San Gabriel,8711,26743582.3652344,25473.8920204515
06037408627,31,865,3.6,District 1,Unincorporated - Rowland Heights,SPA 3 - San Gabriel,8712,33702222.2392578,31416.2515936054
06037408628,178,1889,9.4,District 1,Unincorporated - Hacienda Heights,SPA 3 - San Gabriel,8713,25303591.2099609,26148.3540167478
06037408629,6,948,0.6,District 1,Unincorporated - Hacienda Heights,SPA 3 - San Gabriel,8714,18973272.3115234,19444.0521939413
06037408631,107,1443,7.4,District 1,Unincorporated - Hacienda Heights,SPA 3 - San Gabriel,8715,15959625.1757812,16563.0152352564
06037408703,9,1786,0.5,District 1,Unincorporated - Rowland Heights,SPA 3 - San Gabriel,8716,183419538.914062,69529.0786562912
06037408705,67,1848,3.6,District 1,Unincorporated - Rowland Heights,SPA 3 - San Gabriel,8717,20534367.2050781,19007.9512194822
06037408707,0,2192,0,District 1,Unincorporated - Rowland Heights,SPA 3 - San Gabriel,8718,53625311.9765625,38180.3664352394
06037408722,11,1274,0.9,District 1,Unincorporated - Rowland Heights,SPA 3 - San Gabriel,8719,22936442.0751953,21349.2868682947
06037408724,84,1601,5.2,District 1,Unincorporated - Rowland Heights,SPA 3 - San Gabriel,8720,5964600.64648438,9881.14990352112
06037408725,170,1941,8.8,District 1,Unincorporated - Rowland Heights,SPA 3 - San Gabriel,8721,20856279.1806641,25546.1217729083
06037408800,234,1817,12.9,District 1,City of Pomona,SPA 3 - San Gabriel,8722,19151068.9462891,19795.8376173771
06037408900,247,2315,10.7,District 5,City of La Verne,SPA 3 - San Gabriel,8723,34067697.6650391,24093.5107512937
06037409000,33,2259,1.5,District 1,City of Pomona,SPA 3 - San Gabriel,8724,84555857.2880859,58547.501236198
06037409100,110,1449,7.6,District 1,Unincorporated - Hacienda Heights,SPA 3 - San Gabriel,8725,16908574.9824219,23901.4526446294
06037430003,40,1634,2.4,District 5,City of Duarte,SPA 3 - San Gabriel,8726,128470313.774414,75095.7420662479
06037430004,131,1132,11.6,District 5,City of Duarte,SPA 3 - San Gabriel,8727,12275811.5634766,16466.0119560203
06037430005,55,1322,4.2,District 5,City of Duarte,SPA 3 - San Gabriel,8728,11164329.4013672,15470.6846375759
06037430101,357,2003,17.8,District 5,City of Duarte,SPA 3 - San Gabriel,8729,21334324.6640625,19937.5988987217
06037430102,69,1243,5.6,District 5,City of Duarte,SPA 3 - San Gabriel,8730,13790608.875,18807.3141598725
06037430200,18,475,3.8,District 5,City of Bradbury,SPA 3 - San Gabriel,8731,55677513.4921875,35859.9751912335
06037430301,0,1707,0,District 5,City of Monrovia,SPA 3 - San Gabriel,8732,262616702.025391,84409.3134136981
06037430302,95,2203,4.3,District 5,City of Monrovia,SPA 3 - San Gabriel,8733,20898099.6962891,23242.8894936138
06037430400,0,1411,0,District 5,City of Arcadia,SPA 3 - San Gabriel,8734,38951140.3134766,34400.6254815243
06037430501,8,1747,0.5,District 5,City of Sierra Madre,SPA 3 - San Gabriel,8735,50611274.390625,32607.7769306476
06037430502,123,2964,4.1,District 5,City of Sierra Madre,SPA 3 - San Gabriel,8736,31695553.2558594,25000.6111493373
06037430600,13,1426,0.9,District 5,City of Arcadia,SPA 3 - San Gabriel,8737,39839200.2265625,35196.74269971
06037430701,96,1888,5.1,District 5,City of Arcadia,SPA 3 - San Gabriel,8738,31955337.3339844,26919.9725092603
06037430721,82,1336,6.1,District 5,City of Arcadia,SPA 3 - San Gabriel,8739,44239847.2236328,31482.3922112079
06037430723,60,1855,3.2,District 5,City of Arcadia,SPA 3 - San Gabriel,8740,5198971.97363281,12804.0975759206
06037430724,146,1878,7.8,District 5,City of Arcadia,SPA 3 - San Gabriel,8741,6209857.32519531,13340.6509267979
06037430801,83,2319,3.6,District 5,City of Arcadia,SPA 3 - San Gabriel,8742,18401339.1855469,17780.4709383456
06037430802,11,1294,0.9,District 5,City of Arcadia,SPA 3 - San Gabriel,8743,20068335.7841797,19340.7144391898
06037430803,38,1814,2.1,District 5,City of Arcadia,SPA 3 - San Gabriel,8744,24495328.4707031,21553.1821179526
06037430901,203,1541,13.2,District 5,City of Monrovia,SPA 3 - San Gabriel,8745,12525290.8525391,14926.9563373827
06037430902,72,1874,3.8,District 5,City of Monrovia,SPA 3 - San Gabriel,8746,12629616.9941406,16643.7261819805
06037431002,137,1246,11,District 5,City of Monrovia,SPA 3 - San Gabriel,8747,14578624.3759766,17048.6418458385
06037431003,57,1606,3.5,District 5,City of Monrovia,SPA 3 - San Gabriel,8748,9192794.11230469,13223.4629563185
06037431004,35,1254,2.8,District 5,City of Monrovia,SPA 3 - San Gabriel,8749,9758643.19433594,13607.2721660487
06037431100,122,2468,4.9,District 5,City of Monrovia,SPA 3 - San Gabriel,8750,32357450.28125,26266.4684424288
06037431200,67,1554,4.3,District 5,Unincorporated - Duarte,SPA 3 - San Gabriel,8751,16009333.5107422,20104.4155017721
06037431300,0,852,0,District 5,Unincorporated - Monrovia,SPA 3 - San Gabriel,8752,8810571.03710938,14328.7452942918
06037431400,144,1288,11.2,District 5,Unincorporated - Arcadia,SPA 3 - San Gabriel,8753,19603461.1503906,19642.5372333055
06037431501,58,1508,3.8,District 5,City of Temple City,SPA 3 - San Gabriel,8754,11284105.5888672,14510.7636677601
06037431502,80,1445,5.5,District 5,Unincorporated - Arcadia,SPA 3 - San Gabriel,8755,21890318.1923828,22471.3006109634
06037431600,164,1333,12.3,District 5,City of Arcadia,SPA 3 - San Gabriel,8756,22891921.2109375,21427.0633096698
06037431701,79,2082,3.8,District 5,City of Arcadia,SPA 3 - San Gabriel,8757,35328793.7011719,25271.9549322204
06037431800,66,1798,3.7,District 5,City of Temple City,SPA 3 - San Gabriel,8758,14615008.8291016,16208.3030723593
06037431900,110,1308,8.4,District 5,City of Temple City,SPA 3 - San Gabriel,8759,10680704.0195312,13982.0279222057
06037432001,11,638,1.7,District 5,City of Temple City,SPA 3 - San Gabriel,8760,7896812.4453125,11904.1405405744
06037432002,49,1781,2.8,District 5,City of Temple City,SPA 3 - San Gabriel,8761,16279361.9580078,16723.4708642643
06037432101,57,1390,4.1,District 5,City of Temple City,SPA 3 - San Gabriel,8762,12438970.7675781,14572.3544726123
06037432102,19,1718,1.1,District 5,City of Temple City,SPA 3 - San Gabriel,8763,20163550.1376953,18499.4807214755
06037432201,146,1390,10.5,District 1,City of Rosemead,SPA 3 - San Gabriel,8764,13120576.6220703,15008.4739870904
06037432202,74,1144,6.5,District 1,City of Rosemead,SPA 3 - San Gabriel,8765,14204910.6992188,15699.2530088309
06037432300,41,1139,3.6,District 1,City of El Monte,SPA 3 - San Gabriel,8766,21533801.8779297,20390.4123619489
06037432401,71,1053,6.7,District 1,City of El Monte,SPA 3 - San Gabriel,8767,11421760.9248047,17833.6320829221
06037432402,141,1619,8.7,District 1,City of El Monte,SPA 3 - San Gabriel,8768,16225572.9726562,18785.5136749223
06037432501,82,1302,6.3,District 1,City of El Monte,SPA 3 - San Gabriel,8769,11375621.3291016,15989.2759792214
06037432502,36,957,3.8,District 1,City of El Monte,SPA 3 - San Gabriel,8770,18990685.2041016,20914.5342822053
06037432601,147,1819,8.1,District 1,City of El Monte,SPA 3 - San Gabriel,8771,15138682.546875,17299.3832290219
06037432602,26,1156,2.2,District 1,City of El Monte,SPA 3 - San Gabriel,8772,11561443.6416016,14738.6596869205
06037432700,121,1427,8.5,District 1,City of El Monte,SPA 3 - San Gabriel,8773,20032261.0068359,22452.4979178885
06037432801,283,844,33.5,District 1,City of El Monte,SPA 3 - San Gabriel,8774,8667596.31445312,13359.0724995451
06037432802,168,1489,11.3,District 1,City of El Monte,SPA 3 - San Gabriel,8775,6409066.04785156,12016.9288791189
06037432901,82,1211,6.8,District 1,City of Rosemead,SPA 3 - San Gabriel,8776,12191993.6572266,14071.9677491207
06037432902,35,801,4.4,District 1,City of Rosemead,SPA 3 - San Gabriel,8777,11673345.2431641,14825.1504577062
06037433103,110,1869,5.9,District 1,City of El Monte,SPA 3 - San Gabriel,8778,22674165.2861328,23734.2278386743
06037433200,212,1658,12.8,District 1,City of El Monte,SPA 3 - San Gabriel,8779,19243626.7333984,22801.0125901641
06037433302,52,510,10.2,District 1,City of El Monte,SPA 3 - San Gabriel,8780,9148823.42871094,16702.1198270704
06037433304,163,1191,13.7,District 1,City of El Monte,SPA 3 - San Gabriel,8781,8566096.96484375,12728.4808048853
06037433305,232,1253,18.5,District 1,City of El Monte,SPA 3 - San Gabriel,8782,5494034.05566406,12347.3622186985
06037433306,9,781,1.2,District 1,City of El Monte,SPA 3 - San Gabriel,8783,4666767.13769531,12126.7465591639
06037433307,4,802,0.5,District 1,City of El Monte,SPA 3 - San Gabriel,8784,4675145.62890625,12635.0599133754
06037433402,54,1191,4.5,District 1,City of El Monte,SPA 3 - San Gabriel,8785,6133236.04882812,9717.23578640816
06037433403,127,1243,10.2,District 1,City of El Monte,SPA 3 - San Gabriel,8786,7593592.20117188,11906.2086593674
06037433505,126,1111,11.3,District 1,City of El Monte,SPA 3 - San Gabriel,8787,8353814.82714844,15363.2650412265
06037433506,155,1063,14.6,District 1,City of South El Monte,SPA 3 - San Gabriel,8788,17400160.6933594,19510.9051931728
06037433601,79,1324,6,District 1,City of Rosemead,SPA 3 - San Gabriel,8789,12049537.8544922,14390.6279870742
06037433602,84,844,10,District 1,City of Rosemead,SPA 3 - San Gabriel,8790,10836359.2568359,15963.1227480507
06037433803,53,856,6.2,District 1,City of South El Monte,SPA 3 - San Gabriel,8791,12971774.4814453,21467.3907773901
06037433804,36,1035,3.5,District 1,City of South El Monte,SPA 3 - San Gabriel,8792,16180828.0820312,18123.9879205058
06037433901,154,1358,11.3,District 1,City of El Monte,SPA 3 - San Gabriel,8793,7763236.60351562,11238.8392796693
06037433903,112,1463,7.7,District 1,City of El Monte,SPA 3 - San Gabriel,8794,9693252.25585938,13208.2179567462
06037434001,45,1036,4.3,District 1,City of El Monte,SPA 3 - San Gabriel,8795,11357758.3222656,16263.7453032456
06037434003,34,935,3.6,District 1,City of El Monte,SPA 3 - San Gabriel,8796,10306616.0820312,15880.4974550483
06037434004,71,722,9.8,District 1,City of South El Monte,SPA 3 - San Gabriel,8797,7314010.36816406,11904.194000125
06037434100,118,1583,7.5,District 1,City of South El Monte,SPA 3 - San Gabriel,8798,26883533.2685547,24141.2748250573
06037460001,30,653,4.6,District 5,Unincorporated - Kinneloa Mesa,SPA 3 - San Gabriel,8799,55898764.3261719,48331.6103943827
06037460002,0,1101,0,District 5,City of Pasadena,SPA 3 - San Gabriel,8800,16833839.3955078,20910.5191351677
06037460101,27,2341,1.2,District 5,Unincorporated - Altadena,SPA 3 - San Gabriel,8801,61611925.7089844,43874.7142585181
06037460200,64,1919,3.3,District 5,Unincorporated - Altadena,SPA 3 - San Gabriel,8802,34223676.7568359,26580.5456221512
06037460301,51,1469,3.5,District 5,Unincorporated - Altadena,SPA 3 - San Gabriel,8803,53030337.8837891,39458.7960726994
06037460302,77,1651,4.7,District 5,Unincorporated - Altadena,SPA 3 - San Gabriel,8804,14120738.3310547,17543.7505490704
06037460401,19,372,5.1,District 5,City of Pasadena,SPA 3 - San Gabriel,8805,58084160.9550781,80640.9361843256
06037460501,35,1745,2,District 5,City of La Canada Flintridge,SPA 2 - San Fernando,8806,80132856.4013672,56457.9147365519
06037460502,22,1476,1.5,District 5,City of La Canada Flintridge,SPA 2 - San Fernando,8807,27931932.7109375,30109.9124078911
06037460601,33,1706,1.9,District 5,City of La Canada Flintridge,SPA 2 - San Fernando,8808,52699188.4658203,41666.5891371793
06037460700,7,1476,0.5,District 5,City of La Canada Flintridge,SPA 2 - San Fernando,8809,80180946.5048828,43805.6348528165
06037460800,12,1182,1,District 5,City of Pasadena,SPA 3 - San Gabriel,8810,72962766.7167969,41639.3713895225
06037460900,47,1933,2.4,District 5,City of Pasadena,SPA 3 - San Gabriel,8811,26585435.5283203,24840.9647816102
06037461000,59,1603,3.7,District 5,Unincorporated - Altadena,SPA 3 - San Gabriel,8812,19031866.9482422,20734.8373374151
06037461100,46,1775,2.6,District 5,Unincorporated - Altadena,SPA 3 - San Gabriel,8813,21043338.3017578,19627.1574781421
06037461200,42,1679,2.5,District 5,Unincorporated - Altadena,SPA 3 - San Gabriel,8814,26191845.9804688,27476.1948325325
06037461300,184,2478,7.4,District 5,Unincorporated - Altadena,SPA 3 - San Gabriel,8815,20902469.4121094,28238.4997824495
06037461400,212,1226,17.3,District 5,City of Pasadena,SPA 3 - San Gabriel,8816,10989542.8339844,15147.3275945341
06037461501,165,1293,12.8,District 5,City of Pasadena,SPA 3 - San Gabriel,8817,10807760.3183594,13636.864419671
06037461502,212,1731,12.2,District 5,City of Pasadena,SPA 3 - San Gabriel,8818,12616574.5869141,14633.1287189965
06037461600,117,1725,6.8,District 5,City of Pasadena,SPA 3 - San Gabriel,8819,17855749.0458984,17782.1740605344
06037461700,21,619,3.4,District 5,City of Pasadena,SPA 3 - San Gabriel,8820,23687036.2832031,27347.5387242211
06037461901,300,1728,17.4,District 5,City of Pasadena,SPA 3 - San Gabriel,8821,9449256.03515625,13415.3580113214
06037461902,281,1260,22.3,District 5,City of Pasadena,SPA 3 - San Gabriel,8822,8983693.04199219,12373.1835899401
06037462001,78,1263,6.2,District 5,City of Pasadena,SPA 3 - San Gabriel,8823,5511006.35644531,10802.7239234368
06037462002,282,1116,25.3,District 5,City of Pasadena,SPA 3 - San Gabriel,8824,5508891.68261719,10785.5804252037
06037462100,150,1714,8.8,District 5,City of Pasadena,SPA 3 - San Gabriel,8825,11273053.2763672,13715.5911477549
06037462201,563,1908,29.5,District 5,City of Pasadena,SPA 3 - San Gabriel,8826,5766319.34277344,9687.05387958107
06037462202,107,1793,6,District 5,City of Pasadena,SPA 3 - San Gabriel,8827,6115347.24414062,9952.31738232611
06037462301,96,1739,5.5,District 5,City of Pasadena,SPA 3 - San Gabriel,8828,6793086.76464844,10720.6373074531
06037462302,274,1616,17,District 5,City of Pasadena,SPA 3 - San Gabriel,8829,7563810.203125,11246.3473311305
06037462400,86,1422,6,District 5,City of Pasadena,SPA 3 - San Gabriel,8830,14128500.2441406,15477.1661728456
06037462500,80,2663,3,District 5,City of Pasadena,SPA 3 - San Gabriel,8831,27792728.9599609,30199.8548767389
06037462600,5,944,0.5,District 5,City of Pasadena,SPA 3 - San Gabriel,8832,11326996.0244141,15505.7893837514
06037462700,90,2483,3.6,District 5,City of Pasadena,SPA 3 - San Gabriel,8833,17936278.7353516,17398.0230802238
06037462800,30,1136,2.6,District 5,City of Pasadena,SPA 3 - San Gabriel,8834,12226095.9472656,14971.4860311261
06037462900,8,1430,0.6,District 5,City of Pasadena,SPA 3 - San Gabriel,8835,25101005.7529297,21219.0953749868
06037463000,50,1105,4.5,District 5,City of Pasadena,SPA 3 - San Gabriel,8836,19551604.046875,18109.0993180652
06037463103,190,2036,9.3,District 5,Unincorporated - East Pasadena,SPA 3 - San Gabriel,8837,39787027.6494141,39436.5313305992
06037463200,116,1500,7.7,District 5,City of Pasadena,SPA 3 - San Gabriel,8838,17344787.2509766,22679.8481135626
06037463300,26,853,3,District 5,Unincorporated - San Pasqual,SPA 3 - San Gabriel,8839,7158948.27636719,12847.7780268412
06037463400,135,2550,5.3,District 5,City of Pasadena,SPA 3 - San Gabriel,8840,20621946.4384766,24317.3237126193
06037463500,281,2483,11.3,District 5,City of Pasadena,SPA 3 - San Gabriel,8841,18209125.1005859,17399.0842060685
06037463601,436,3498,12.5,District 5,City of Pasadena,SPA 3 - San Gabriel,8842,10003126.3535156,12788.1726006606
06037463602,357,3424,10.4,District 5,City of Pasadena,SPA 3 - San Gabriel,8843,9972639.0234375,12756.7370893487
06037463700,70,1775,3.9,District 5,City of Pasadena,SPA 3 - San Gabriel,8844,18598627.4755859,17865.1404939212
06037463800,62,1526,4.1,District 5,City of Pasadena,SPA 3 - San Gabriel,8845,31183979.8886719,28673.9794837031
06037463900,92,1422,6.5,District 5,City of Pasadena,SPA 3 - San Gabriel,8846,20298733.8085938,19157.9145807507
06037464000,94,2430,3.9,District 5,City of Pasadena,SPA 3 - San Gabriel,8847,33924665.6035156,26064.2353990757
06037464101,0,796,0,District 5,City of San Marino,SPA 3 - San Gabriel,8848,34375318.2753906,32849.2327214682
06037464102,8,1137,0.7,District 5,City of San Marino,SPA 3 - San Gabriel,8849,33122193.6855469,40248.7688513516
06037464200,10,1874,0.5,District 5,City of San Marino,SPA 3 - San Gabriel,8850,37252616.0996094,25786.689753224
06037480002,37,1331,2.8,District 5,Unincorporated - Northeast San Gabriel,SPA 3 - San Gabriel,8851,15092792.8017578,17214.7648030099
06037480011,75,1755,4.3,District 5,Unincorporated - Northeast San Gabriel,SPA 3 - San Gabriel,8852,12178930.1933594,13982.3219272886
06037480012,103,1657,6.2,District 5,Unincorporated - Northeast San Gabriel,SPA 3 - San Gabriel,8853,13774917.0341797,15220.1573762531
06037480101,12,1310,0.9,District 5,City of Temple City,SPA 3 - San Gabriel,8854,12266706.0703125,14462.2760676228
06037480102,62,1285,4.8,District 5,Unincorporated - Northeast San Gabriel,SPA 3 - San Gabriel,8855,13202875.2763672,14849.329759664
06037480201,30,1270,2.4,District 1,City of San Gabriel,SPA 3 - San Gabriel,8856,16327747.1533203,19207.5137792437
06037480202,69,1048,6.6,District 1,City of San Gabriel,SPA 3 - San Gabriel,8857,16363185.03125,16205.813826984
06037480302,153,1611,9.5,District 1,City of Alhambra,SPA 3 - San Gabriel,8858,11402276.5810547,14941.9141438075
06037480303,119,1567,7.6,District 1,City of Alhambra,SPA 3 - San Gabriel,8859,4865326.18066406,8952.01808057714
06037480304,187,1785,10.5,District 1,City of Alhambra,SPA 3 - San Gabriel,8860,4694539.04101562,8991.73942787995
06037480400,72,2443,2.9,District 1,City of Alhambra,SPA 3 - San Gabriel,8861,13808255.5205078,17477.3825016963
06037480500,117,2146,5.5,District 5,City of South Pasadena,SPA 3 - San Gabriel,8862,22824045.7539062,24170.3729214288
06037480601,0,1686,0,District 5,City of South Pasadena,SPA 3 - San Gabriel,8863,7344859.69433594,13537.4358225089
06037480602,89,1755,5.1,District 5,City of South Pasadena,SPA 3 - San Gabriel,8864,18050824.5244141,21828.9126488518
06037480702,8,1651,0.5,District 5,City of South Pasadena,SPA 3 - San Gabriel,8865,23608651.3525391,21334.5484162233
06037480703,7,1342,0.5,District 5,City of South Pasadena,SPA 3 - San Gabriel,8866,11939537.6083984,21344.667300675
06037480704,129,1833,7,District 5,City of South Pasadena,SPA 3 - San Gabriel,8867,11628654.5302734,17392.3801961666
06037480802,74,1098,6.7,District 1,City of Alhambra,SPA 3 - San Gabriel,8868,18486501.6972656,17604.1705206616
06037480803,124,1134,10.9,District 1,City of Alhambra,SPA 3 - San Gabriel,8869,11850820.71875,14202.8902151516
06037480804,127,1835,6.9,District 1,City of Alhambra,SPA 3 - San Gabriel,8870,8950019.60546875,14968.2935457968
06037480901,138,1601,8.6,District 1,City of Alhambra,SPA 3 - San Gabriel,8871,10257085.2460938,12994.8664924842
06037480902,101,1387,7.3,District 1,City of Alhambra,SPA 3 - San Gabriel,8872,5550072.50585938,10233.3326339056
06037480903,82,1096,7.5,District 1,City of Alhambra,SPA 3 - San Gabriel,8873,8658927.79394531,11773.7647594163
06037481001,232,1668,13.9,District 1,City of Alhambra,SPA 3 - San Gabriel,8874,11291113.3544922,15887.2338553649
06037481002,158,2067,7.6,District 1,City of Alhambra,SPA 3 - San Gabriel,8875,10088321.6542969,13721.2227027059
06037481101,116,1456,8,District 1,City of San Gabriel,SPA 3 - San Gabriel,8876,9550338.18652344,13242.1036314215
06037481102,48,1266,3.8,District 1,City of San Gabriel,SPA 3 - San Gabriel,8877,6610932.24804688,11769.3317184118
06037481103,186,1876,9.9,District 1,City of San Gabriel,SPA 3 - San Gabriel,8878,15116503.3017578,16981.2742815119
06037481201,25,1224,2,District 5,City of Temple City,SPA 3 - San Gabriel,8879,11138071.9335938,16410.9580899794
06037481203,122,1912,6.4,District 1,Unincorporated - Northeast San Gabriel,SPA 3 - San Gabriel,8880,16788772.2724609,17183.593039344
06037481300,63,834,7.6,District 1,City of Rosemead,SPA 3 - San Gabriel,8881,9501497.76269531,13761.7488684175
06037481401,79,1710,4.6,District 1,City of San Gabriel,SPA 3 - San Gabriel,8882,13007009.1123047,16272.0007465176
06037481403,38,882,4.3,District 1,City of San Gabriel,SPA 3 - San Gabriel,8883,8808698.203125,17774.0285425603
06037481404,80,1199,6.7,District 1,City of San Gabriel,SPA 3 - San Gabriel,8884,10939977.3232422,14306.5010809678
06037481500,88,1543,5.7,District 1,City of Alhambra,SPA 3 - San Gabriel,8885,23733951.2382812,23926.8743117471
06037481603,159,1236,12.9,District 1,City of Alhambra,SPA 3 - San Gabriel,8886,7082685.70410156,11968.8619776325
06037481604,35,1429,2.4,District 1,City of Alhambra,SPA 3 - San Gabriel,8887,6717656.04882812,11092.421359826
06037481605,31,1025,3,District 1,City of Alhambra,SPA 3 - San Gabriel,8888,8160540.8125,13790.5395461172
06037481606,114,1639,7,District 1,City of Alhambra,SPA 3 - San Gabriel,8889,9275185.53710938,14834.2466349075
06037481711,283,1413,20,District 1,City of Monterey Park,SPA 3 - San Gabriel,8890,4817702.82910156,8918.76170287247
06037481712,312,1740,17.9,District 1,City of Monterey Park,SPA 3 - San Gabriel,8891,7783052.33007812,12224.1941316127
06037481713,82,972,8.4,District 1,City of Monterey Park,SPA 3 - San Gabriel,8892,5001888.171875,10225.2840662925
06037481714,207,991,20.9,District 1,City of Monterey Park,SPA 3 - San Gabriel,8893,4879897.6484375,10193.6742368223
06037481800,79,836,9.4,District 1,City of Alhambra,SPA 3 - San Gabriel,8894,8928693.49804688,12643.5021949038
06037481901,12,1982,0.6,District 1,City of Alhambra,SPA 3 - San Gabriel,8895,19796459.9199219,19561.7405744325
06037481902,96,1110,8.6,District 1,City of Alhambra,SPA 3 - San Gabriel,8896,9464454.20507812,17643.9599350857
06037482001,108,923,11.7,District 1,City of Monterey Park,SPA 3 - San Gabriel,8897,31740089.5712891,25455.0455990946
06037482002,215,2655,8.1,District 1,City of Monterey Park,SPA 3 - San Gabriel,8898,26801534.7294922,22586.9806402096
06037482101,196,1543,12.7,District 1,City of Monterey Park,SPA 3 - San Gabriel,8899,12324529.6015625,16501.5591417779
06037482102,29,1115,2.6,District 1,City of Monterey Park,SPA 3 - San Gabriel,8900,11793123.2802734,14776.9971440009
06037482201,333,1345,24.8,District 1,City of Monterey Park,SPA 3 - San Gabriel,8901,8362194.49902344,11964.9459673424
06037482202,80,1726,4.6,District 1,City of Monterey Park,SPA 3 - San Gabriel,8902,6959529.27734375,10544.484035594
06037482301,102,1342,7.6,District 1,City of San Gabriel,SPA 3 - San Gabriel,8903,9437947.70605469,17053.3344188967
06037482303,169,1406,12,District 1,City of Rosemead,SPA 3 - San Gabriel,8904,10623862.1367188,14783.8533462828
06037482304,136,752,18.1,District 1,City of Rosemead,SPA 3 - San Gabriel,8905,6688063.46679688,12815.2110325787
06037482401,72,1013,7.1,District 1,City of Rosemead,SPA 3 - San Gabriel,8906,9109162.8828125,12332.7983326079
06037482403,38,892,4.3,District 1,City of Rosemead,SPA 3 - San Gabriel,8907,10286122.4755859,13086.5245430215
06037482404,34,1234,2.8,District 1,City of Rosemead,SPA 3 - San Gabriel,8908,10284266.7158203,15005.4917120966
06037482502,17,836,2,District 1,City of Rosemead,SPA 3 - San Gabriel,8909,6871732.94238281,10475.7011482752
06037482503,30,1042,2.9,District 1,City of Rosemead,SPA 3 - San Gabriel,8910,7911506.79199219,11314.3795761389
06037482521,49,1496,3.3,District 1,Unincorporated - South San Gabriel,SPA 3 - San Gabriel,8911,16714454.2050781,18531.8034408654
06037482522,24,1539,1.6,District 1,City of Montebello,SPA 7 - East,8912,17724396.1005859,19070.141036373
06037482600,36,2179,1.7,District 1,City of Monterey Park,SPA 3 - San Gabriel,8913,30470119.3916016,24280.7704531025
06037482701,178,1366,13,District 1,City of Monterey Park,SPA 3 - San Gabriel,8914,13231983.6103516,25034.5262849696
06037482702,54,843,6.4,District 1,City of Monterey Park,SPA 3 - San Gabriel,8915,7762416.04785156,13723.9209574272
06037482801,56,1318,4.2,District 1,City of Monterey Park,SPA 3 - San Gabriel,8916,34033731.1416016,30235.5792465139
06037500100,25,1144,2.2,District 4,City of La Habra Heights,SPA 7 - East,8917,108664660.612305,50434.6059261597
06037500202,82,1502,5.5,District 4,City of Whittier,SPA 7 - East,8918,68470239.9492188,40918.0528662922
06037500203,19,1275,1.5,District 4,City of Whittier,SPA 7 - East,8919,20227645.4179688,22708.744498923
06037500204,93,957,9.7,District 4,City of La Habra Heights,SPA 7 - East,8920,57205334.0683594,39351.0237402727
06037500300,12,1145,1,District 4,Unincorporated - Whittier,SPA 7 - East,8921,95886637.4394531,44549.4117645463
06037500402,67,1249,5.4,District 4,City of Pico Rivera,SPA 7 - East,8922,14350764.8876953,15350.4193675365
06037500403,143,1073,13.3,District 4,City of Pico Rivera,SPA 7 - East,8923,23460662.5917969,30314.8197220798
06037500404,20,1222,1.6,District 4,City of Pico Rivera,SPA 7 - East,8924,12678405.7041016,14823.5573058522
06037500500,48,864,5.6,District 4,City of Pico Rivera,SPA 7 - East,8925,7379755.24804688,11311.3436262358
06037500600,88,1205,7.3,District 4,City of Pico Rivera,SPA 7 - East,8926,12724259.9814453,14569.5596720695
06037500700,188,1766,10.6,District 4,City of Pico Rivera,SPA 7 - East,8927,35241370.2539062,25373.1517699535
06037500800,33,1262,2.6,District 4,City of Pico Rivera,SPA 7 - East,8928,20975062.7822266,18941.3789726317
06037500900,265,1790,14.8,District 4,City of Pico Rivera,SPA 7 - East,8929,17221472.5019531,17003.4192937526
06037501001,24,724,3.3,District 4,Unincorporated - West Whittier/Los Nietos,SPA 7 - East,8930,7582501.59082031,11518.7966254189
06037501002,0,1314,0,District 4,Unincorporated - West Whittier/Los Nietos,SPA 7 - East,8931,15811345.8564453,16611.4276714744
06037501200,30,1462,2.1,District 4,City of Whittier,SPA 7 - East,8932,15040516.9960938,17175.3069425465
06037501301,63,1086,5.8,District 4,City of Whittier,SPA 7 - East,8933,9372790.70898438,15675.69016837
06037501302,172,1564,11,District 4,City of Whittier,SPA 7 - East,8934,12331579.0361328,15170.1243241721
06037501400,44,1110,4,District 4,City of Whittier,SPA 7 - East,8935,11501230.6894531,15043.6967345218
06037501501,8,780,1,District 4,Unincorporated - Whittier,SPA 7 - East,8936,68589129.5537109,47278.688884846
06037501503,129,1920,6.7,District 4,City of Whittier,SPA 7 - East,8937,8646074.90332031,12364.7804098205
06037501504,319,1420,22.5,District 4,City of Whittier,SPA 7 - East,8938,8017253.67675781,12470.4719185894
06037501600,39,2190,1.8,District 4,City of Whittier,SPA 7 - East,8939,111025321.423828,49247.8186356056
06037501700,167,1343,12.4,District 4,City of Whittier,SPA 7 - East,8940,14999159.8349609,17073.7454842143
06037501802,121,1230,9.8,District 4,City of Whittier,SPA 7 - East,8941,8442812.89453125,13909.9228576156
06037501803,150,1412,10.6,District 4,City of Whittier,SPA 7 - East,8942,6334499.94140625,11114.4707152606
06037501804,73,738,9.9,District 4,City of Whittier,SPA 7 - East,8943,5723007.609375,11130.7893453781
06037501900,3,1322,0.2,District 4,City of Whittier,SPA 7 - East,8944,14987292.5048828,16924.2536686943
06037502003,21,704,3,District 4,City of Whittier,SPA 7 - East,8945,6903407.80957031,10649.51291754
06037502004,34,941,3.6,District 4,City of Whittier,SPA 7 - East,8946,14456303.8417969,17517.7108139744
06037502005,11,1177,0.9,District 4,Unincorporated - South Whittier,SPA 7 - East,8947,11226423.0986328,16147.7962998551
06037502100,147,1808,8.1,District 4,City of Whittier,SPA 7 - East,8948,20833904.9667969,21138.4185139113
06037502200,58,1897,3.1,District 4,Unincorporated - West Whittier/Los Nietos,SPA 7 - East,8949,18747085.8710938,18222.4310836176
06037502303,117,1924,6.1,District 4,Unincorporated - West Whittier/Los Nietos,SPA 7 - East,8950,25464835.4912109,21621.8663587546
06037502401,122,1355,9,District 4,City of Pico Rivera,SPA 7 - East,8951,10123449.3173828,13238.4378679454
06037502402,25,989,2.5,District 4,City of Pico Rivera,SPA 7 - East,8952,9789499.46875,12943.9970537131
06037502500,72,1122,6.4,District 4,City of Pico Rivera,SPA 7 - East,8953,41276040.4091797,28169.6243909027
06037502602,56,1303,4.3,District 4,City of Pico Rivera,SPA 7 - East,8954,13680196.6865234,16374.1685692515
06037502603,0,785,0,District 4,City of Pico Rivera,SPA 7 - East,8955,10626447.2412109,14097.6405166359
06037502604,17,1115,1.5,District 4,City of Pico Rivera,SPA 7 - East,8956,10443184.6904297,16994.4708861702
06037502700,90,2094,4.3,District 4,City of Santa Fe Springs,SPA 7 - East,8957,74263853.9726562,43855.3254049724
06037502801,37,1817,2,District 4,City of Santa Fe Springs,SPA 7 - East,8958,23981384.4316406,19713.5354946542
06037502901,84,1562,5.4,District 4,Unincorporated - South Whittier,SPA 7 - East,8959,13399371.0136719,15020.2636481962
06037503000,5,1360,0.4,District 4,Unincorporated - South Whittier,SPA 7 - East,8960,14255367.1210938,15974.3196553959
06037503103,63,1249,5,District 4,Unincorporated - South Whittier,SPA 7 - East,8961,11546056.8876953,15328.9245010886
06037503104,18,673,2.7,District 4,Unincorporated - South Whittier,SPA 7 - East,8962,5939774.96386719,10922.8494543182
06037503105,64,965,6.6,District 4,Unincorporated - South Whittier,SPA 7 - East,8963,12024455.6914062,16757.9235424325
06037503106,84,1147,7.3,District 4,Unincorporated - South Whittier,SPA 7 - East,8964,9955305.31542969,14490.2465206232
06037503201,53,1034,5.1,District 4,Unincorporated - South Whittier,SPA 7 - East,8965,14511048.7705078,15123.5328991878
06037503202,162,1270,12.8,District 4,Unincorporated - South Whittier,SPA 7 - East,8966,12228344.4365234,15934.2919893876
06037503301,28,1049,2.7,District 4,City of Whittier,SPA 7 - East,8967,11752729.2607422,14411.917029314
06037503302,114,1778,6.4,District 4,Unincorporated - South Whittier,SPA 7 - East,8968,16708658.3974609,17775.0220962864
06037503401,59,2193,2.7,District 4,City of Whittier,SPA 7 - East,8969,20919123.2685547,18842.9072428752
06037503402,36,1279,2.8,District 4,City of Whittier,SPA 7 - East,8970,17406354.4638672,17797.177140349
06037503501,76,1960,3.9,District 4,Unincorporated - South Whittier,SPA 7 - East,8971,16526922.8876953,22218.4781587327
06037503502,81,1042,7.8,District 4,Unincorporated - South Whittier,SPA 7 - East,8972,13190219.0732422,17642.9500966828
06037503601,70,1238,5.7,District 4,City of La Mirada,SPA 7 - East,8973,14943398.0546875,16682.9321534814
06037503602,46,1189,3.9,District 4,City of La Mirada,SPA 7 - East,8974,35502820.2939453,25552.9925708519
06037503701,40,1641,2.4,District 4,Unincorporated - East Whittier,SPA 7 - East,8975,12519805.8027344,15392.1150757923
06037503702,23,1706,1.3,District 4,Unincorporated - East La Mirada,SPA 7 - East,8976,17932281.9912109,18758.2573220408
06037503704,240,1957,12.3,District 4,City of La Mirada,SPA 7 - East,8977,16189897.0136719,18014.5801288335
06037503705,18,1065,1.7,District 4,City of La Mirada,SPA 7 - East,8978,12812635.2617188,17409.87225202
06037503801,31,1219,2.5,District 4,City of La Mirada,SPA 7 - East,8979,13789329.5419922,18355.5728617227
06037503802,39,1757,2.2,District 4,City of La Mirada,SPA 7 - East,8980,14218243.6191406,15633.6170106282
06037503901,24,706,3.4,District 4,City of La Mirada,SPA 7 - East,8981,9759385.36425781,16071.7621585847
06037503902,17,1524,1.1,District 4,City of La Mirada,SPA 7 - East,8982,56693931.2324219,34973.3145322475
06037504001,124,1440,8.6,District 4,City of La Mirada,SPA 7 - East,8983,15090849.5351562,18033.8406581061
06037504002,14,1496,0.9,District 4,City of La Mirada,SPA 7 - East,8984,16449847.2226562,17788.620610174
06037504101,102,1411,7.2,District 4,City of La Mirada,SPA 7 - East,8985,13067334.2001953,15757.7107313696
06037504200,288,2395,12,District 4,City of Santa Fe Springs,SPA 7 - East,8986,83220431.6503906,54763.0931292818
06037530005,27,1319,2,District 1,City of Montebello,SPA 7 - East,8987,24768868.9873047,30015.2353715175
06037530006,51,1650,3.1,District 1,City of Montebello,SPA 7 - East,8988,7084666.02539062,13235.3225755309
06037530007,44,2196,2,District 1,City of Montebello,SPA 7 - East,8989,52057093.4003906,30328.4846848014
06037530101,320,1708,18.7,District 1,City of Montebello,SPA 7 - East,8990,10951028.9560547,13893.3461094588
06037530102,290,1648,17.6,District 1,City of Montebello,SPA 7 - East,8991,14243977.6132812,15895.9293459225
06037530202,86,1295,6.6,District 1,City of Montebello,SPA 7 - East,8992,19440227.4306641,21031.7089502655
06037530203,84,976,8.6,District 1,City of Montebello,SPA 7 - East,8993,7957759.80566406,14183.7951410408
06037530204,114,1180,9.7,District 1,City of Montebello,SPA 7 - East,8994,7157763.81152344,11495.2186830081
06037530301,80,578,13.8,District 1,Unincorporated - East Los Angeles,SPA 7 - East,8995,6271789.84667969,11082.8382662787
06037530302,85,1913,4.4,District 1,Unincorporated - East Los Angeles,SPA 7 - East,8996,9174976.0546875,13387.5406549597
06037530400,227,1186,19.1,District 1,City of Monterey Park,SPA 7 - East,8997,16582333.3085938,18690.5482647454
06037530500,241,1124,21.4,District 1,Unincorporated - East Los Angeles,SPA 7 - East,8998,9613039.10253906,12655.033778786
06037530603,83,1177,7.1,District 1,Unincorporated - East Los Angeles,SPA 7 - East,8999,13376169.9882812,16685.4135670202
06037530700,55,549,10,District 1,Unincorporated - East Los Angeles,SPA 4 - Metro,9000,11206081.3671875,17515.6063220411
06037530801,64,1305,4.9,District 1,Unincorporated - East Los Angeles,SPA 7 - East,9001,8211637.07324219,12878.7003258902
06037530802,32,841,3.8,District 1,Unincorporated - East Los Angeles,SPA 7 - East,9002,6097529.29785156,12564.6049787708
06037530901,72,926,7.8,District 1,Unincorporated - East Los Angeles,SPA 7 - East,9003,4800493.60058594,8728.27805484878
06037530902,314,1155,27.2,District 1,Unincorporated - East Los Angeles,SPA 7 - East,9004,5735064.02441406,11636.5335442613
06037531000,113,1172,9.6,District 1,Unincorporated - East Los Angeles,SPA 7 - East,9005,10694642.9960938,15485.2157549729
06037531101,114,1090,10.5,District 1,Unincorporated - East Los Angeles,SPA 7 - East,9006,7557497.76269531,12127.6583011571
06037531102,135,786,17.2,District 1,Unincorporated - East Los Angeles,SPA 7 - East,9007,5432011.05664062,9703.34999194261
06037531201,51,1134,4.5,District 1,Unincorporated - East Los Angeles,SPA 7 - East,9008,6104600.52929688,10854.7563292853
06037531202,233,1183,19.7,District 1,Unincorporated - East Los Angeles,SPA 7 - East,9009,4669260.13085938,10291.0296453131
06037531301,98,1374,7.1,District 1,Unincorporated - East Los Angeles,SPA 7 - East,9010,8545131.57128906,15254.5247207149
06037531302,191,1355,14.1,District 1,Unincorporated - East Los Angeles,SPA 7 - East,9011,9501832.921875,15611.4531992138
06037531502,75,788,9.5,District 1,Unincorporated - East Los Angeles,SPA 7 - East,9012,4697939.87109375,8969.05657051708
06037531503,95,797,11.9,District 1,Unincorporated - East Los Angeles,SPA 7 - East,9013,12552275.7558594,14510.0158953435
06037531504,60,989,6.1,District 1,Unincorporated - East Los Angeles,SPA 7 - East,9014,5395804.87011719,10712.9916088116
06037531602,159,972,16.4,District 1,Unincorporated - East Los Angeles,SPA 7 - East,9015,4828888.01269531,10203.1519832958
06037531603,61,935,6.5,District 1,Unincorporated - East Los Angeles,SPA 7 - East,9016,4703083.79296875,8703.97286897247
06037531604,167,806,20.7,District 1,Unincorporated - East Los Angeles,SPA 7 - East,9017,3952303.32421875,8092.15912155089
06037531701,273,1370,19.9,District 1,Unincorporated - East Los Angeles,SPA 7 - East,9018,6857956.68066406,11506.2592740675
06037531702,102,1334,7.6,District 1,Unincorporated - East Los Angeles,SPA 7 - East,9019,7243521.82128906,12124.4498574839
06037531800,92,1345,6.8,District 1,Unincorporated - East Los Angeles,SPA 7 - East,9020,6692258.71582031,13057.9658180823
06037531901,152,1806,8.4,District 1,Unincorporated - East Los Angeles,SPA 7 - East,9021,8342119.65625,11468.8022854367
06037531902,30,1057,2.8,District 1,Unincorporated - East Los Angeles,SPA 7 - East,9022,7615212.69335938,11208.1500636606
06037532001,101,990,10.2,District 1,City of Montebello,SPA 7 - East,9023,14563204.2529297,16733.0426314365
06037532002,25,1062,2.4,District 1,City of Montebello,SPA 7 - East,9024,9023796.67773438,14964.0988860054
06037532101,99,1977,5,District 1,City of Montebello,SPA 7 - East,9025,15386672.4980469,15578.3961143534
06037532102,11,969,1.1,District 1,City of Montebello,SPA 7 - East,9026,10659483.4453125,13200.7424833682
06037532200,93,1714,5.4,District 1,City of Montebello,SPA 7 - East,9027,29836197.7460938,26774.1701302399
06037532302,57,1160,4.9,District 4,City of Commerce,SPA 7 - East,9028,35655247.1318359,31072.2971557606
06037532303,166,1282,12.9,District 4,City of Commerce,SPA 7 - East,9029,81270259.4833984,44900.0459630938
06037532304,271,1052,25.8,District 4,City of Commerce,SPA 7 - East,9030,87568307.4912109,47458.5952767674
06037532500,85,1124,7.6,District 4,City of Huntington Park,SPA 7 - East,9031,10909830.0009766,18902.7071115939
06037532605,196,1249,15.7,District 4,City of Huntington Park,SPA 7 - East,9032,5650011.39160156,10365.4316703461
06037532606,267,1235,21.6,District 4,City of Huntington Park,SPA 7 - East,9033,3001379.99121094,7848.88369007474
06037532607,175,1408,12.4,District 4,City of Huntington Park,SPA 7 - East,9034,11765648.1367188,13944.2925909279
06037532700,56,708,7.9,District 2,Unincorporated - Florence-Firestone,SPA 7 - East,9035,6211866.11425781,12139.2591821677
06037532800,65,966,6.7,District 2,Unincorporated - Florence-Firestone,SPA 6 - South,9036,5952004.41601562,9888.40059942489
06037532900,263,1608,16.4,District 2,Unincorporated - Florence-Firestone,SPA 6 - South,9037,8225695.10839844,11777.4138147906
06037533001,163,1112,14.7,District 2,Unincorporated - Florence-Firestone,SPA 7 - East,9038,5203240.31542969,10868.1158911167
06037533002,31,582,5.3,District 2,Unincorporated - Florence-Firestone,SPA 7 - East,9039,3093781.36523438,7574.14031062313
06037533103,73,770,9.5,District 4,City of Huntington Park,SPA 7 - East,9040,5897831.75292969,10851.0758775161
06037533104,276,1281,21.5,District 4,City of Huntington Park,SPA 7 - East,9041,3679068.13183594,7694.1867052111
06037533105,37,652,5.7,District 4,City of Huntington Park,SPA 7 - East,9042,2053259.36914062,5797.09551713952
06037533108,189,1300,14.5,District 4,City of Huntington Park,SPA 7 - East,9043,6899182.25683594,13270.9015138101
06037533201,56,662,8.5,District 4,City of Huntington Park,SPA 7 - East,9044,3999298.18847656,9241.07760508736
06037533204,119,1045,11.4,District 4,City of Huntington Park,SPA 7 - East,9045,7664977.51171875,13191.6537849224
06037533300,68,846,8,District 4,City of Maywood,SPA 7 - East,9046,3768087.37988281,8308.3333139014
06037533401,102,1173,8.7,District 4,City of Maywood,SPA 7 - East,9047,5213174.66308594,10865.5855609032
06037533402,91,991,9.2,District 4,City of Maywood,SPA 7 - East,9048,5225923.20410156,9804.4908057745
06037533403,94,746,12.6,District 4,City of Maywood,SPA 7 - East,9049,4871516.29003906,11655.6530548159
06037533501,95,796,11.9,District 4,City of Huntington Park,SPA 7 - East,9050,4527722.74414062,8618.75501685143
06037533504,124,945,13.1,District 4,City of Huntington Park,SPA 7 - East,9051,4419670.21289062,8278.40161883294
06037533601,227,1161,19.6,District 4,City of Bell,SPA 7 - East,9052,5922802.47167969,12260.5324251082
06037533602,64,1341,4.8,District 4,City of Bell,SPA 7 - East,9053,7667209.66992188,14152.7664272626
06037533603,328,1688,19.4,District 4,City of Bell,SPA 7 - East,9054,8634894.12011719,15081.4831631716
06037533701,105,829,12.7,District 4,City of Maywood,SPA 7 - East,9055,4307957.07421875,8280.80909942283
06037533702,37,892,4.1,District 4,City of Maywood,SPA 7 - East,9056,3437028.22753906,7438.72533354871
06037533703,24,878,2.7,District 4,City of Maywood,SPA 7 - East,9057,5941750.29199219,10763.5919502928
06037533803,68,1594,4.3,District 4,City of Bell,SPA 7 - East,9058,8477170.65527344,15437.4590677387
06037533804,84,1055,8,District 4,City of Bell,SPA 7 - East,9059,5551646.93359375,11193.4975268569
06037533805,22,1063,2.1,District 4,City of Bell,SPA 7 - East,9060,4799002.12207031,11063.7313099175
06037533806,33,880,3.8,District 4,City of Bell,SPA 7 - East,9061,10089338.7236328,17688.6718610778
06037533901,167,1382,12.1,District 4,City of Bell Gardens,SPA 7 - East,9062,8229122.76171875,15599.6099527715
06037533902,57,1022,5.6,District 4,City of Bell Gardens,SPA 7 - East,9063,8215965.22265625,14442.1623070088
06037534001,72,1336,5.4,District 4,City of Bell Gardens,SPA 7 - East,9064,8522472.50195312,13407.789736766
06037534002,41,978,4.2,District 4,City of Bell Gardens,SPA 7 - East,9065,9717601.78613281,16682.373755928
06037534101,66,469,14.1,District 4,City of Bell Gardens,SPA 7 - East,9066,5467231.65429688,14364.3439390467
06037534102,144,1476,9.8,District 4,City of Bell Gardens,SPA 7 - East,9067,8597154.03027344,14758.2481158392
06037534201,51,991,5.1,District 4,City of Bell Gardens,SPA 7 - East,9068,5532808.37402344,10254.5515892017
06037534202,132,1229,10.7,District 4,City of Bell Gardens,SPA 7 - East,9069,6245978.58105469,11468.3206226497
06037534203,146,865,16.9,District 4,City of Bell Gardens,SPA 7 - East,9070,8254399.3125,14537.470040835
06037534301,106,1078,9.8,District 4,City of Cudahy,SPA 7 - East,9071,9326809.73925781,14084.1499044488
06037534302,43,916,4.7,District 4,City of Cudahy,SPA 7 - East,9072,6733234.61816406,12424.0256909675
06037534403,20,849,2.4,District 4,City of Cudahy,SPA 7 - East,9073,3500154.17089844,8226.13126998489
06037534404,33,911,3.6,District 4,City of Cudahy,SPA 7 - East,9074,4374794.47851562,8741.46093573613
06037534405,54,909,5.9,District 4,City of Cudahy,SPA 7 - East,9075,5706714.81445312,10492.6731784428
06037534406,137,1139,12,District 4,City of Cudahy,SPA 7 - East,9076,4864411.5703125,9478.75287577579
06037534501,215,1330,16.2,District 4,City of Huntington Park,SPA 7 - East,9077,7235218.45898438,10735.340999874
06037534502,89,893,10,District 4,City of Huntington Park,SPA 7 - East,9078,6055201.07421875,13430.0093938473
06037534700,83,986,8.4,District 4,Unincorporated - Walnut Park,SPA 7 - East,9079,5995111.55859375,9911.04843385721
06037534802,40,624,6.4,District 4,Unincorporated - Walnut Park,SPA 7 - East,9080,4348961.73730469,8741.50820901159
06037534803,131,1178,11.1,District 4,Unincorporated - Walnut Park,SPA 7 - East,9081,6578579.15625,13976.3233941387
06037534804,64,998,6.4,District 4,Unincorporated - Walnut Park,SPA 7 - East,9082,3974705.11230469,9061.82085872751
06037534900,160,1372,11.7,District 2,Unincorporated - Florence-Firestone,SPA 6 - South,9083,11300618.1513672,14945.2247050553
06037535001,61,914,6.7,District 2,Unincorporated - Florence-Firestone,SPA 6 - South,9084,4840075.36425781,8858.26715429405
06037535002,75,902,8.3,District 2,Unincorporated - Florence-Firestone,SPA 6 - South,9085,5131359.5625,9151.09629837357
06037535101,106,1945,5.4,District 2,Unincorporated - Florence-Firestone,SPA 6 - South,9086,12280132.328125,16147.7407946955
06037535102,131,1059,12.4,District 2,Unincorporated - Florence-Firestone,SPA 6 - South,9087,6331760.76953125,12145.5605401214
06037535200,84,1250,6.7,District 2,Unincorporated - Florence-Firestone,SPA 6 - South,9088,9222744.18164062,17274.1347198552
06037535300,122,1332,9.2,District 2,Unincorporated - Florence-Firestone,SPA 6 - South,9089,11644959.3076172,16705.2378239654
06037535400,18,742,2.4,District 2,Unincorporated - Florence-Firestone,SPA 6 - South,9090,8323411.390625,15991.4036160861
06037535501,73,957,7.6,District 4,City of South Gate,SPA 7 - East,9091,5255116.73632812,11708.9517457876
06037535502,170,1334,12.7,District 4,City of South Gate,SPA 7 - East,9092,5098912.17675781,8945.64432395423
06037535503,50,684,7.3,District 4,City of South Gate,SPA 7 - East,9093,3432901.68652344,7663.16898828051
06037535603,84,1025,8.2,District 4,City of South Gate,SPA 7 - East,9094,8464808.17675781,15262.8280696591
06037535604,31,1081,2.9,District 4,City of South Gate,SPA 7 - East,9095,4754889.28613281,9739.58851531088
06037535605,56,1170,4.8,District 4,City of South Gate,SPA 7 - East,9096,5055926.08007812,9024.05411297363
06037535606,58,483,12,District 4,City of South Gate,SPA 7 - East,9097,2008256.80273438,7507.39493532765
06037535607,33,1066,3.1,District 4,City of South Gate,SPA 7 - East,9098,10187615.6337891,13749.3639971586
06037535701,204,1529,13.3,District 4,City of South Gate,SPA 7 - East,9099,8294404.52441406,12500.9087379237
06037535702,116,1428,8.1,District 4,City of South Gate,SPA 7 - East,9100,10497743.0517578,13524.8982923
06037535802,143,1567,9.1,District 4,City of South Gate,SPA 7 - East,9101,8391119.328125,12103.7509265365
06037535803,86,987,8.7,District 4,City of South Gate,SPA 7 - East,9102,4553486.28515625,8613.22758336629
06037535804,66,1497,4.4,District 4,City of South Gate,SPA 7 - East,9103,5288366.11425781,9663.01440527678
06037535901,152,1700,8.9,District 4,City of South Gate,SPA 7 - East,9104,9060493.94628906,13205.0547713484
06037535902,62,1450,4.3,District 4,City of South Gate,SPA 7 - East,9105,10888500.5644531,13459.5305001904
06037536000,133,1020,13,District 4,City of South Gate,SPA 7 - East,9106,14069000.7382812,16146.0736102103
06037536102,20,1074,1.9,District 4,City of South Gate,SPA 7 - East,9107,33040609.5302734,27490.5191921892
06037536103,37,1452,2.5,District 4,City of South Gate,SPA 7 - East,9108,12693454.5791016,16298.5939440098
06037536104,47,1108,4.2,District 4,City of South Gate,SPA 7 - East,9109,21172212.0742188,25612.213796543
06037536201,114,1000,11.4,District 4,City of South Gate,SPA 7 - East,9110,16114744.6806641,21133.7443261848
06037536202,91,1214,7.5,District 4,City of South Gate,SPA 7 - East,9111,9922320.66601562,18942.3483071418
06037540000,69,1567,4.4,District 4,City of Lynwood,SPA 6 - South,9112,15731993.8476562,17358.5622202241
06037540101,96,1534,6.3,District 4,City of Lynwood,SPA 6 - South,9113,13515705.4804688,17137.7930298488
06037540102,22,1313,1.7,District 4,City of Lynwood,SPA 6 - South,9114,13430162.2333984,15514.7438943586
06037540201,52,550,9.5,District 4,City of Lynwood,SPA 6 - South,9115,2916699.36230469,9320.43396367074
06037540202,85,1597,5.3,District 4,City of Lynwood,SPA 6 - South,9116,8143642.64257812,12475.4737665123
06037540203,136,1259,10.8,District 4,City of Lynwood,SPA 6 - South,9117,9713671.875,13102.7283280523
06037540300,61,1193,5.1,District 4,City of Lynwood,SPA 6 - South,9118,16607624.84375,21765.8287564227
06037540400,29,458,6.3,District 2,Unincorporated - Willowbrook,SPA 6 - South,9119,3656503.84179688,8136.36048659803
06037540501,50,951,5.3,District 4,City of Lynwood,SPA 6 - South,9120,15339808.3847656,18692.5478394465
06037540502,221,1669,13.2,District 4,City of Lynwood,SPA 6 - South,9121,6467856.24316406,11050.2697032854
06037540600,302,1199,25.2,District 2,Unincorporated - Willowbrook,SPA 6 - South,9122,10115875.4423828,12908.2712282413
06037540700,112,958,11.7,District 2,Unincorporated - Willowbrook,SPA 6 - South,9123,12451365.8759766,16110.9149329034
06037540800,142,1505,9.4,District 2,Unincorporated - Willowbrook,SPA 6 - South,9124,21474173.1464844,26165.6077185062
06037540901,34,1213,2.8,District 2,Unincorporated - Athens Village,SPA 6 - South,9125,12526769.5214844,15464.5633193498
06037540902,236,1498,15.8,District 2,Unincorporated - Willowbrook,SPA 6 - South,9126,27087853.2109375,20788.5517297123
06037541003,47,1411,3.3,District 2,City of Carson,SPA 8 - South Bay,9127,65071048.4052734,36459.8219609973
06037541100,135,968,13.9,District 2,Unincorporated - Rosewood/West Rancho Dominguez,SPA 6 - South,9128,13400387.3300781,15487.696088961
06037541200,194,1840,10.5,District 2,City of Compton,SPA 6 - South,9129,22820622.375,22847.3633223339
06037541300,135,1447,9.3,District 2,City of Compton,SPA 6 - South,9130,14735994.7802734,15720.0029452793
06037541401,180,975,18.5,District 2,Unincorporated - Willowbrook,SPA 6 - South,9131,6084084.04296875,10710.8836128401
06037541402,56,825,6.8,District 2,Unincorporated - Willowbrook,SPA 6 - South,9132,3682481.50292969,8042.94134844271
06037541500,155,1404,11,District 2,Unincorporated - Willowbrook,SPA 6 - South,9133,9177606.30761719,13093.5093235712
06037541603,79,701,11.3,District 2,City of Compton,SPA 6 - South,9134,13744580.5732422,20299.3291302967
06037541604,91,1355,6.7,District 2,City of Compton,SPA 6 - South,9135,8878693.57421875,12166.5958725589
06037541605,38,1514,2.5,District 2,City of Compton,SPA 6 - South,9136,9383094.68359375,13902.4380705953
06037541606,56,625,9,District 2,City of Compton,SPA 6 - South,9137,3681001.55957031,8136.35760321834
06037541700,28,1383,2,District 4,City of Lynwood,SPA 6 - South,9138,15059394.0341797,17372.4876961692
06037541801,135,1123,12,District 4,City of Lynwood,SPA 6 - South,9139,7791244.05078125,12002.1876772381
06037541802,80,1249,6.4,District 4,City of Lynwood,SPA 6 - South,9140,11836458.5126953,14198.0267900674
06037542000,115,1169,9.8,District 2,City of Compton,SPA 6 - South,9141,10501366.0976562,13785.6147027928
06037542103,80,807,9.9,District 2,Unincorporated - East Rancho Dominguez,SPA 6 - South,9142,6167477.33984375,11079.6016326243
06037542104,88,879,10,District 2,Unincorporated - East Rancho Dominguez,SPA 6 - South,9143,6239375.5703125,10735.4288502158
06037542105,32,1145,2.8,District 2,City of Compton,SPA 6 - South,9144,6709867.09277344,12005.1324901387
06037542106,113,749,15.1,District 2,City of Compton,SPA 6 - South,9145,9583062.31542969,16999.6694632967
06037542200,80,1478,5.4,District 2,City of Compton,SPA 6 - South,9146,14980517.7988281,16778.8553259029
06037542401,62,1150,5.4,District 2,City of Compton,SPA 6 - South,9147,13922828.2431641,15742.7331122937
06037542402,54,952,5.7,District 2,City of Compton,SPA 6 - South,9148,17983197.7451172,22638.5520504693
06037542501,37,1273,2.9,District 2,City of Compton,SPA 6 - South,9149,6222795.68457031,11644.2526238338
06037542502,202,1310,15.4,District 2,City of Compton,SPA 6 - South,9150,10751027.9423828,14202.8515850125
06037542601,24,787,3,District 2,City of Compton,SPA 6 - South,9151,5864446.15917969,10075.8248801308
06037542602,46,1375,3.3,District 2,City of Compton,SPA 6 - South,9152,9360508.70507812,12374.4854031402
06037542700,92,1352,6.8,District 2,City of Compton,SPA 6 - South,9153,10676429.3662109,13363.8343586368
06037542800,26,948,2.7,District 2,City of Compton,SPA 6 - South,9154,8542413.08984375,11753.6205552498
06037542900,61,784,7.8,District 2,City of Compton,SPA 6 - South,9155,8734476.88378906,13911.1831823929
06037543000,53,1295,4.1,District 2,City of Compton,SPA 6 - South,9156,14177088.1376953,15190.9882415767
06037543100,46,1804,2.5,District 2,City of Carson,SPA 6 - South,9157,31059357.1445312,25180.8738171965
06037543201,20,844,2.4,District 2,City of Compton,SPA 6 - South,9158,10855904.625,13363.4415460332
06037543203,78,1124,6.9,District 2,City of Compton,SPA 6 - South,9159,39985216.0800781,33939.5065921373
06037543304,44,2105,2.1,District 2,City of Carson,SPA 8 - South Bay,9160,17370649.3769531,16698.6731626803
06037543305,70,1211,5.8,District 2,Unincorporated - Rancho Dominguez,SPA 8 - South Bay,9161,90247497.5234375,38036.1261223641
06037543306,14,1804,0.8,District 2,City of Carson,SPA 8 - South Bay,9162,38410282.4638672,28572.2977014557
06037543321,68,2040,3.3,District 2,City of Carson,SPA 8 - South Bay,9163,45647166.9023438,29986.8204766468
06037543322,92,2177,4.2,District 2,City of Carson,SPA 8 - South Bay,9164,21166127.3154297,18208.1686534893
06037543400,50,984,5.1,District 2,City of Carson,SPA 8 - South Bay,9165,33472169.6621094,26965.3675134627
06037543501,139,1945,7.1,District 2,City of Carson,SPA 8 - South Bay,9166,28831354.5439453,34340.7844246123
06037543502,89,1687,5.3,District 2,Unincorporated - West Carson,SPA 8 - South Bay,9167,12005626.3037109,15777.5369233611
06037543503,237,1929,12.3,District 2,Unincorporated - West Carson,SPA 8 - South Bay,9168,18095579.0019531,20112.7649380871
06037543601,0,1102,0,District 2,City of Carson,SPA 8 - South Bay,9169,6967519.40234375,10900.0477074539
06037543603,99,1509,6.6,District 2,Unincorporated - West Carson,SPA 8 - South Bay,9170,15995866.3310547,17181.8097855705
06037543605,19,1560,1.2,District 2,Unincorporated - West Carson,SPA 8 - South Bay,9171,10286251.5048828,13161.4306386171
06037543606,80,1357,5.9,District 2,Unincorporated - West Carson,SPA 8 - South Bay,9172,7224725.90722656,11223.0696813224
06037543607,7,1324,0.5,District 2,City of Carson,SPA 8 - South Bay,9173,14282053.0078125,14957.0822397421
06037543701,13,708,1.8,District 2,City of Carson,SPA 8 - South Bay,9174,6837383.10058594,11135.5557281653
06037543703,118,1107,10.7,District 2,City of Carson,SPA 8 - South Bay,9175,11144587.7294922,13566.8950478692
06037543704,26,852,3.1,District 2,City of Carson,SPA 8 - South Bay,9176,7104616.12402344,15020.7979386051
06037543705,9,957,0.9,District 2,City of Carson,SPA 8 - South Bay,9177,7062509.01660156,10481.8920540737
06037543801,60,1319,4.5,District 2,City of Carson,SPA 8 - South Bay,9178,23623890.3232422,22464.6699953395
06037543803,91,1485,6.1,District 2,City of Carson,SPA 8 - South Bay,9179,8248912.93066406,15335.025946785
06037543804,54,859,6.3,District 2,City of Carson,SPA 8 - South Bay,9180,6369823.4296875,12702.8966474587
06037543903,89,1091,8.2,District 2,City of Carson,SPA 8 - South Bay,9181,14631638.5791016,21536.3873339394
06037543905,0,1053,0,District 2,City of Carson,SPA 8 - South Bay,9182,29543102.8300781,24229.6095129243
06037544001,22,1217,1.8,District 2,City of Carson,SPA 8 - South Bay,9183,20142036.0859375,19618.0114646329
06037544002,44,842,5.2,District 4,City of Long Beach,SPA 8 - South Bay,9184,17308804.2695312,20952.5720477697
06037550101,40,975,4.1,District 4,City of Norwalk,SPA 7 - East,9185,7818145.83300781,11103.1574250728
06037550201,19,777,2.4,District 4,City of Norwalk,SPA 7 - East,9186,5749320.08105469,11711.0228176312
06037550202,34,1417,2.4,District 4,City of Norwalk,SPA 7 - East,9187,13611251.8710938,16658.1251755963
06037550301,106,1078,9.8,District 4,City of Norwalk,SPA 7 - East,9188,17803255.5078125,17474.0290691506
06037550501,17,1104,1.5,District 4,City of Downey,SPA 7 - East,9189,9749137.58007812,17027.3129720982
06037550502,38,1246,3,District 4,City of Downey,SPA 7 - East,9190,19080365.5888672,19097.5123631951
06037550601,110,1931,5.7,District 4,City of Downey,SPA 7 - East,9191,12597238.0693359,14540.7342773536
06037550602,37,1176,3.1,District 4,City of Downey,SPA 7 - East,9192,15892866.7255859,16652.6491805434
06037550700,120,2032,5.9,District 4,City of Downey,SPA 7 - East,9193,24034965.8330078,22001.4755478402
06037550801,68,1567,4.3,District 4,City of Downey,SPA 7 - East,9194,17146127.4716797,17067.4153273081
06037550802,4,574,0.7,District 4,City of Downey,SPA 7 - East,9195,14111554.7304688,16671.2105107489
06037550901,80,1432,5.6,District 4,City of Downey,SPA 7 - East,9196,12121672.7246094,14921.2976686002
06037550902,80,1902,4.2,District 4,City of Downey,SPA 7 - East,9197,10390876.5126953,13985.481787668
06037551001,107,893,12,District 4,City of Downey,SPA 7 - East,9198,15570760.046875,20595.785357844
06037551002,94,1414,6.6,District 4,City of Downey,SPA 7 - East,9199,10400175.2373047,14558.5849125018
06037551101,179,1269,14.1,District 4,City of Downey,SPA 7 - East,9200,18152372.7041016,22001.4471097627
06037551102,143,1884,7.6,District 4,City of Downey,SPA 7 - East,9201,18194760.6708984,20639.2191710729
06037551201,48,1195,4,District 4,City of Downey,SPA 7 - East,9202,8496715.02636719,12889.5591231451
06037551203,0,1102,0,District 4,City of Downey,SPA 7 - East,9203,7753416.59472656,12019.4231592904
06037551204,31,1095,2.8,District 4,City of Downey,SPA 7 - East,9204,7325192.13964844,12366.2678582306
06037551300,142,1832,7.8,District 4,City of Downey,SPA 7 - East,9205,16481038.4697266,16608.2782288783
06037551401,72,1332,5.4,District 4,City of Downey,SPA 7 - East,9206,7804581.62597656,11613.8722645168
06037551402,55,1440,3.8,District 4,City of Downey,SPA 7 - East,9207,12412681.1357422,13869.8108951264
06037551501,118,1447,8.2,District 4,City of Downey,SPA 7 - East,9208,15877480.2353516,18161.2432482432
06037551502,0,1413,0,District 4,City of Downey,SPA 7 - East,9209,11892084.7431641,18153.4592931847
06037551700,48,1729,2.8,District 4,City of Downey,SPA 7 - East,9210,13959275.8212891,15819.0248312803
06037551801,52,963,5.4,District 4,City of Downey,SPA 7 - East,9211,12238697.859375,14488.7256953219
06037551802,12,1392,0.9,District 4,City of Downey,SPA 7 - East,9212,11729445.7421875,14314.8750953323
06037551900,33,1402,2.4,District 4,City of Norwalk,SPA 7 - East,9213,16971383.2119141,17231.942580133
06037552001,16,1007,1.6,District 4,City of Norwalk,SPA 7 - East,9214,8648760.93847656,12379.1554881204
06037552002,32,963,3.3,District 4,City of Norwalk,SPA 7 - East,9215,7605776.6953125,11545.8217781483
06037552100,205,1794,11.4,District 4,City of Norwalk,SPA 7 - East,9216,15708766.1171875,17478.7317390581
06037552200,157,1598,9.8,District 4,City of Norwalk,SPA 7 - East,9217,18198852.3183594,22277.2975383327
06037552301,41,1211,3.4,District 4,City of Norwalk,SPA 7 - East,9218,13588867.1708984,16791.4170389071
06037552302,89,1336,6.7,District 4,City of Norwalk,SPA 7 - East,9219,10335475.7851562,14397.3556408839
06037552400,20,534,3.7,District 4,City of Norwalk,SPA 7 - East,9220,10037284.0927734,15552.808224866
06037552601,36,1161,3.1,District 4,City of Norwalk,SPA 7 - East,9221,7673132.59570312,11093.4687364116
06037552602,48,1007,4.8,District 4,City of Norwalk,SPA 7 - East,9222,14734955.828125,16483.1684543337
06037552700,41,1643,2.5,District 4,City of Norwalk,SPA 7 - East,9223,14794071.4277344,16499.9714908583
06037552800,31,1681,1.8,District 4,City of Norwalk,SPA 7 - East,9224,13937490.0039062,15858.6056859883
06037552900,128,1962,6.5,District 4,City of Norwalk,SPA 7 - East,9225,14079255.8359375,15981.4939403639
06037553000,10,1132,0.9,District 4,City of Norwalk,SPA 7 - East,9226,13494465.8564453,15927.1982018035
06037553100,23,1825,1.3,District 4,City of Bellflower,SPA 7 - East,9227,22287454.5683594,22723.9598552123
06037553201,31,948,3.3,District 4,City of Bellflower,SPA 7 - East,9228,11186608.6171875,15522.9926948814
06037553202,94,917,10.3,District 4,City of Bellflower,SPA 7 - East,9229,9413019.94140625,12611.9096623016
06037553300,33,991,3.3,District 4,City of Bellflower,SPA 7 - East,9230,9090028.5390625,14173.4531470395
06037553400,62,1018,6.1,District 4,City of Downey,SPA 7 - East,9231,7852177.22265625,11691.3527876905
06037553502,51,1136,4.5,District 4,City of Paramount,SPA 6 - South,9232,13673056.4580078,15405.1522252542
06037553503,45,825,5.5,District 4,City of Paramount,SPA 6 - South,9233,4503463.55859375,9347.98609655881
06037553504,50,1308,3.8,District 4,City of Paramount,SPA 6 - South,9234,6869951.41210938,13764.80233962
06037553601,67,1268,5.3,District 4,City of Paramount,SPA 6 - South,9235,23583245.2744141,27523.7099424262
06037553602,93,1387,6.7,District 4,City of Paramount,SPA 6 - South,9236,6523993.18359375,10711.6228040192
06037553701,54,928,5.8,District 4,City of Paramount,SPA 6 - South,9237,11776952.2490234,18525.6570083539
06037553702,131,1255,10.4,District 4,City of Paramount,SPA 6 - South,9238,9912281.25878906,18715.0597187855
06037553801,29,1006,2.9,District 4,City of Paramount,SPA 6 - South,9239,13961328.1035156,15835.8756835331
06037553802,136,2047,6.6,District 4,City of Paramount,SPA 6 - South,9240,18864472.1035156,24007.1301733895
06037553901,38,1596,2.4,District 4,City of Paramount,SPA 6 - South,9241,13759742.7236328,15765.0008088529
06037553902,80,1592,5,District 4,City of Paramount,SPA 6 - South,9242,11292402.4111328,14601.4123180995
06037554001,49,1249,3.9,District 4,City of Bellflower,SPA 7 - East,9243,11657226.0507812,16104.8824017206
06037554002,159,1720,9.2,District 4,City of Bellflower,SPA 7 - East,9244,13695815.5595703,20504.1085229888
06037554101,28,929,3,District 4,City of Bellflower,SPA 7 - East,9245,5099467.12792969,12581.1237677294
06037554105,167,1492,11.2,District 4,City of Bellflower,SPA 7 - East,9246,3630042.88476562,10098.699143133
06037554106,49,1277,3.8,District 4,City of Bellflower,SPA 7 - East,9247,7898779.55566406,14101.8360117585
06037554201,20,1072,1.9,District 4,City of Bellflower,SPA 7 - East,9248,10425184.8925781,13180.8172131921
06037554203,110,1259,8.7,District 4,City of Bellflower,SPA 7 - East,9249,7401565.63085938,13779.5837753369
06037554204,209,1767,11.8,District 4,City of Bellflower,SPA 7 - East,9250,7083446.56542969,12958.7068413913
06037554301,36,1041,3.5,District 4,City of Bellflower,SPA 7 - East,9251,7354823.08398438,14096.0541907342
06037554302,21,1086,1.9,District 4,City of Bellflower,SPA 7 - East,9252,7734167.79199219,11110.4091145369
06037554403,75,1782,4.2,District 4,City of Bellflower,SPA 7 - East,9253,9054940.56738281,12172.298465796
06037554404,85,1313,6.5,District 4,City of Bellflower,SPA 7 - East,9254,9057183.71582031,12141.959271433
06037554405,110,1426,7.7,District 4,City of Bellflower,SPA 7 - East,9255,8243968.05078125,11663.701506114
06037554406,167,1575,10.6,District 4,City of Bellflower,SPA 7 - East,9256,11843606.1298828,15823.948967081
06037554511,0,1150,0,District 4,City of Cerritos,SPA 7 - East,9257,25500450.7392578,19924.525895861
06037554512,17,2280,0.7,District 4,City of Cerritos,SPA 7 - East,9258,41280601.7744141,26483.4421391349
06037554513,23,812,2.8,District 4,City of Cerritos,SPA 7 - East,9259,6098722.89355469,10454.3299111214
06037554514,125,1581,7.9,District 4,City of Cerritos,SPA 7 - East,9260,16176243.2675781,21347.0158427085
06037554515,16,1151,1.4,District 4,City of Cerritos,SPA 7 - East,9261,12851928.0986328,15770.7413174687
06037554516,14,1194,1.2,District 4,City of Cerritos,SPA 7 - East,9262,15556503.8857422,21274.2274075528
06037554517,90,1396,6.4,District 4,City of Cerritos,SPA 7 - East,9263,14217667.9355469,15905.089174414
06037554518,40,1556,2.6,District 4,City of Cerritos,SPA 7 - East,9264,19389029.9511719,21218.4129912315
06037554519,79,1181,6.7,District 4,City of Cerritos,SPA 7 - East,9265,18666939.5830078,19500.8668055995
06037554521,58,1951,3,District 4,City of Cerritos,SPA 7 - East,9266,53522202.0078125,37625.8397522405
06037554522,8,1511,0.5,District 4,City of Cerritos,SPA 7 - East,9267,23495020.1064453,20677.855136064
06037554600,99,1251,7.9,District 4,City of Norwalk,SPA 7 - East,9268,11352667.3007812,14455.3216473466
06037554700,0,949,0,District 4,City of Norwalk,SPA 7 - East,9269,8629341.53710938,13793.1128711348
06037554801,20,752,2.7,District 4,City of Artesia,SPA 7 - East,9270,9697516.66113281,14814.5067019814
06037554802,36,1736,2.1,District 4,City of Artesia,SPA 7 - East,9271,16564740.9658203,19053.2580313671
06037554900,88,1891,4.7,District 4,City of Artesia,SPA 7 - East,9272,18985472.4873047,24614.4140144098
06037555001,96,1570,6.1,District 4,City of Lakewood,SPA 7 - East,9273,13975507.4853516,17304.5758248415
06037555002,40,1212,3.3,District 4,City of Lakewood,SPA 7 - East,9274,9811588.18261719,12787.4454706379
06037555105,69,1767,3.9,District 4,City of Lakewood,SPA 7 - East,9275,11763459.9101562,18262.1111067522
06037555106,20,981,2,District 4,City of Hawaiian Gardens,SPA 7 - East,9276,9736114.04785156,14053.1865929204
06037555107,119,1853,6.4,District 4,City of Lakewood,SPA 7 - East,9277,13575467.3408203,17906.1493804982
06037555202,46,1137,4,District 4,City of Long Beach,SPA 8 - South Bay,9278,11900695.8417969,17416.3052327041
06037555211,154,1446,10.7,District 4,City of Hawaiian Gardens,SPA 7 - East,9279,8568238.05859375,11592.313355652
06037555212,181,1438,12.6,District 4,City of Hawaiian Gardens,SPA 7 - East,9280,8705423.11621094,14023.7882598829
06037555300,27,1055,2.6,District 4,City of Norwalk,SPA 7 - East,9281,18377893.7402344,20436.3723479572
06037570001,93,1512,6.2,District 4,City of Lakewood,SPA 7 - East,9282,16454104.3046875,17390.4804847533
06037570002,21,792,2.7,District 4,City of Lakewood,SPA 7 - East,9283,8380446.0078125,11629.3501793361
06037570003,21,1324,1.6,District 4,City of Lakewood,SPA 7 - East,9284,12398713.8125,14132.8507023198
06037570100,50,731,6.8,District 4,City of Long Beach,SPA 8 - South Bay,9285,12303443.0205078,14342.9204323762
06037570202,26,1724,1.5,District 4,City of Long Beach,SPA 8 - South Bay,9286,18050068.9462891,18978.0662476636
06037570203,111,1280,8.7,District 4,City of Long Beach,SPA 8 - South Bay,9287,14016477.9511719,15892.3763572086
06037570204,155,1302,11.9,District 4,City of Long Beach,SPA 8 - South Bay,9288,5895146.22167969,9702.8624906904
06037570303,77,1280,6,District 4,City of Long Beach,SPA 8 - South Bay,9289,6681831.953125,11363.1085819145
06037570304,215,1559,13.8,District 4,City of Long Beach,SPA 8 - South Bay,9290,6113943.85644531,13647.5201930196
06037570305,192,1582,12.1,District 4,City of Long Beach,SPA 8 - South Bay,9291,7901710.93554688,17570.4743221806
06037570306,23,888,2.6,District 4,City of Long Beach,SPA 8 - South Bay,9292,5011419.80078125,8775.11768887018
06037570402,74,958,7.7,District 4,City of Long Beach,SPA 8 - South Bay,9293,16425369.4550781,20070.3023768762
06037570403,78,1061,7.4,District 4,City of Long Beach,SPA 8 - South Bay,9294,6227049.16210938,10327.2321090292
06037570404,13,901,1.4,District 4,City of Long Beach,SPA 8 - South Bay,9295,9204178.93847656,15535.9293619922
06037570502,122,1984,6.1,District 4,City of Long Beach,SPA 8 - South Bay,9296,21508629.9121094,19952.344372069
06037570503,0,1146,0,District 4,City of Long Beach,SPA 8 - South Bay,9297,5800067.17285156,9875.50779765246
06037570504,28,978,2.9,District 4,City of Long Beach,SPA 8 - South Bay,9298,10190243.1142578,12936.5958916949
06037570601,96,1609,6,District 4,City of Long Beach,SPA 8 - South Bay,9299,8491036.5703125,12281.2876995216
06037570602,125,1708,7.3,District 4,City of Long Beach,SPA 8 - South Bay,9300,11244330.8183594,14070.6158926986
06037570603,278,1713,16.2,District 4,City of Long Beach,SPA 8 - South Bay,9301,7901030.30078125,12102.7162784539
06037570701,319,2533,12.6,District 4,City of Lakewood,SPA 7 - East,9302,19193911.9550781,21014.2669095974
06037570703,29,963,3,District 4,City of Lakewood,SPA 7 - East,9303,9974800.82617188,13305.0766355167
06037570800,16,1670,1,District 4,City of Lakewood,SPA 7 - East,9304,25706431.9433594,20305.9437114851
06037570901,62,1805,3.4,District 4,City of Lakewood,SPA 7 - East,9305,19542145.5556641,18380.0118579996
06037570902,11,1200,0.9,District 4,City of Lakewood,SPA 7 - East,9306,11370424.9550781,14163.3963965912
06037571000,7,1831,0.4,District 4,City of Lakewood,SPA 7 - East,9307,18914634.7900391,17770.6107154171
06037571101,0,1670,0,District 4,City of Lakewood,SPA 7 - East,9308,14259406.5166016,15899.8493792939
06037571102,9,1178,0.8,District 4,City of Lakewood,SPA 7 - East,9309,13536501.7568359,15649.4055071551
06037571201,13,1486,0.9,District 4,City of Long Beach,SPA 8 - South Bay,9310,14061017.4345703,15897.9008441953
06037571202,101,1533,6.6,District 4,City of Long Beach,SPA 8 - South Bay,9311,14133828.5068359,15966.251130196
06037571300,92,1540,6,District 4,City of Lakewood,SPA 7 - East,9312,22554344.4863281,19057.7668484419
06037571400,68,1728,3.9,District 4,City of Lakewood,SPA 7 - East,9313,20610956.7685547,24514.7961356516
06037571502,58,1817,3.2,District 4,City of Long Beach,SPA 8 - South Bay,9314,14824914.8261719,16163.037493465
06037571504,123,2034,6,District 4,City of Long Beach,SPA 8 - South Bay,9315,16269595.4951172,16683.6673463619
06037571505,10,953,1,District 4,City of Long Beach,SPA 8 - South Bay,9316,7066464.32519531,11043.4846282289
06037571600,208,838,24.8,District 4,City of Long Beach,SPA 8 - South Bay,9317,2948284.61914062,8703.07885798064
06037571701,183,1743,10.5,District 4,City of Long Beach,SPA 8 - South Bay,9318,20468347.8398438,24179.4830604744
06037571703,224,1070,20.9,District 4,City of Long Beach,SPA 8 - South Bay,9319,4297657.09375,9580.07012761795
06037571704,81,1232,6.6,District 4,City of Long Beach,SPA 8 - South Bay,9320,5261377.76171875,10263.8091974752
06037571800,40,1248,3.2,District 4,City of Long Beach,SPA 8 - South Bay,9321,30461119.0878906,26483.2737611049
06037571900,198,2292,8.6,District 4,City of Long Beach,SPA 8 - South Bay,9322,20779542.5107422,23717.1883640358
06037572001,43,2320,1.9,District 4,City of Long Beach,SPA 8 - South Bay,9323,18265768.0732422,19000.0688586079
06037572201,228,1926,11.8,District 4,City of Long Beach,SPA 8 - South Bay,9324,16763496.0810547,17928.0413545319
06037572202,91,1059,8.6,District 4,City of Long Beach,SPA 8 - South Bay,9325,16716907.1630859,17967.6406590712
06037572301,18,937,1.9,District 4,City of Long Beach,SPA 8 - South Bay,9326,8799273.8125,19254.0596927118
06037572500,465,1567,29.7,District 4,City of Long Beach,SPA 8 - South Bay,9327,6318479.39648438,10645.7128591661
06037572600,96,1222,7.9,District 4,City of Long Beach,SPA 8 - South Bay,9328,13699086.3291016,15715.2171536628
06037572700,75,1396,5.4,District 4,City of Long Beach,SPA 8 - South Bay,9329,11548173.4882812,14016.3342759775
06037573002,179,1034,17.3,District 4,City of Long Beach,SPA 8 - South Bay,9330,3495529.13085938,7924.88392123285
06037573003,96,632,15.2,District 4,City of Long Beach,SPA 8 - South Bay,9331,4833257.29882812,9038.53609341633
06037573004,282,1635,17.2,District 4,City of Long Beach,SPA 8 - South Bay,9332,4424126.07519531,8641.296991858
06037573101,126,1407,9,District 4,City of Long Beach,SPA 8 - South Bay,9333,5668533.25292969,11221.3481776939
06037573102,56,1048,5.3,District 4,City of Long Beach,SPA 8 - South Bay,9334,7161305.21191406,12334.8682157589
06037573201,153,1176,13,District 4,City of Long Beach,SPA 8 - South Bay,9335,6477832.98242188,10359.8934733178
06037573202,124,1693,7.3,District 4,City of Long Beach,SPA 8 - South Bay,9336,6988034.52246094,10572.6038829105
06037573300,71,989,7.2,District 4,City of Long Beach,SPA 8 - South Bay,9337,8440377.67382812,13242.1628316826
06037573401,26,529,4.9,District 4,City of Signal Hill,SPA 7 - East,9338,11251709.3994141,18099.173322564
06037573402,114,2715,4.2,District 4,City of Signal Hill,SPA 7 - East,9339,31833064.5087891,33820.2929491826
06037573403,23,1432,1.6,District 4,City of Signal Hill,SPA 7 - East,9340,18114879.9755859,26371.2638239467
06037573601,7,2390,0.3,District 4,City of Long Beach,SPA 8 - South Bay,9341,40166987.4306641,32290.3445320256
06037573700,12,1759,0.7,District 4,City of Long Beach,SPA 8 - South Bay,9342,19561608.4863281,18414.0381910701
06037573800,32,1507,2.1,District 4,City of Long Beach,SPA 8 - South Bay,9343,16512665.1542969,17842.7259132017
06037573902,57,926,6.2,District 4,City of Long Beach,SPA 8 - South Bay,9344,7633475.57226562,13789.2776918221
06037574000,31,1957,1.6,District 4,City of Long Beach,SPA 8 - South Bay,9345,19601775.4179688,19140.8175876482
06037574100,30,1808,1.7,District 4,City of Long Beach,SPA 8 - South Bay,9346,19757131.9697266,20327.2529489115
06037574201,11,1085,1,District 4,City of Long Beach,SPA 8 - South Bay,9347,13932148.3320312,15839.090576975
06037574202,38,756,5,District 4,City of Long Beach,SPA 8 - South Bay,9348,14496048.3974609,19906.5929636733
06037574300,84,2223,3.8,District 4,City of Long Beach,SPA 8 - South Bay,9349,26792225.6699219,25085.0717195492
06037574400,24,2031,1.2,District 4,City of Long Beach,SPA 8 - South Bay,9350,36726898.3369141,24306.8283411638
06037574500,78,2348,3.3,District 4,City of Long Beach,SPA 8 - South Bay,9351,29372124.5351562,24936.96109994
06037574602,12,580,2.1,District 4,City of Long Beach,SPA 8 - South Bay,9352,6336457.19335938,10039.3748016908
06037574800,123,1564,7.9,District 4,City of Long Beach,SPA 8 - South Bay,9353,11891240.7568359,15282.4110813672
06037574901,40,1455,2.7,District 4,City of Long Beach,SPA 8 - South Bay,9354,14319290.4882812,16741.6755012039
06037574902,66,1963,3.4,District 4,City of Long Beach,SPA 8 - South Bay,9355,8657349.68164062,12945.8933583552
06037575001,91,1816,5,District 4,City of Long Beach,SPA 8 - South Bay,9356,10407765.3232422,18146.4833092514
06037575002,132,1932,6.8,District 4,City of Long Beach,SPA 8 - South Bay,9357,10329955.3515625,14700.2601668852
06037575101,160,1510,10.6,District 4,City of Long Beach,SPA 8 - South Bay,9358,4540405.60839844,10064.2060062264
06037575102,249,1319,18.9,District 4,City of Long Beach,SPA 8 - South Bay,9359,4364864.75,9257.5482863234
06037575103,134,2168,6.2,District 4,City of Long Beach,SPA 8 - South Bay,9360,5172365.60058594,9179.18356282492
06037575201,184,1242,14.8,District 4,City of Long Beach,SPA 8 - South Bay,9361,6099628.63769531,10556.7213851323
06037575202,171,1174,14.6,District 4,City of Long Beach,SPA 8 - South Bay,9362,4347717.87207031,9231.96173499573
06037575300,291,1339,21.7,District 4,City of Long Beach,SPA 8 - South Bay,9363,6978915.109375,10568.2399373527
06037575401,322,1249,25.8,District 4,City of Long Beach,SPA 8 - South Bay,9364,9606072.02734375,12582.5770564187
06037575402,212,1139,18.6,District 4,City of Long Beach,SPA 8 - South Bay,9365,3489119.72363281,7932.17131190318
06037575801,94,770,12.2,District 4,City of Long Beach,SPA 8 - South Bay,9366,4667833.09570312,8610.1691782388
06037575802,367,1714,21.4,District 4,City of Long Beach,SPA 8 - South Bay,9367,3457761.87988281,7901.87981110437
06037575803,467,1297,36,District 4,City of Long Beach,SPA 8 - South Bay,9368,2148303.48046875,6905.16516246652
06037575901,408,1553,26.3,District 4,City of Long Beach,SPA 8 - South Bay,9369,5253183.30371094,9691.58599480208
06037575902,738,3357,22,District 4,City of Long Beach,SPA 8 - South Bay,9370,3769688.31542969,7831.54281733017
06037576001,441,3950,11.2,District 4,City of Long Beach,SPA 8 - South Bay,9371,35612732.4306641,24939.5283073039
06037576200,652,3200,20.4,District 4,City of Long Beach,SPA 8 - South Bay,9372,7523699.57324219,11203.1811684694
06037576301,280,1948,14.4,District 4,City of Long Beach,SPA 8 - South Bay,9373,5902568.20800781,9752.41040495532
06037576302,229,1082,21.2,District 4,City of Long Beach,SPA 8 - South Bay,9374,3481279.56054688,7918.16639154829
06037576401,191,1289,14.8,District 4,City of Long Beach,SPA 8 - South Bay,9375,3486538.01757812,7927.83095247664
06037576402,203,1343,15.1,District 4,City of Long Beach,SPA 8 - South Bay,9376,3496429.06835938,7929.78299413191
06037576403,65,1332,4.9,District 4,City of Long Beach,SPA 8 - South Bay,9377,3496614.59570312,7934.47574882701
06037576501,162,1441,11.2,District 4,City of Long Beach,SPA 8 - South Bay,9378,3126426.73730469,7289.41794253946
06037576502,286,2102,13.6,District 4,City of Long Beach,SPA 8 - South Bay,9379,3266094.03027344,7841.07622516477
06037576503,152,1627,9.3,District 4,City of Long Beach,SPA 8 - South Bay,9380,3410062.33105469,7724.22801056933
06037576601,314,2509,12.5,District 4,City of Long Beach,SPA 8 - South Bay,9381,3997982.70214844,11058.13330458
06037576602,85,2834,3,District 4,City of Long Beach,SPA 8 - South Bay,9382,4582748.31542969,8982.30751975414
06037576700,117,2238,5.2,District 4,City of Long Beach,SPA 8 - South Bay,9383,7446345.98242188,11160.7565547424
06037576801,388,1942,20,District 4,City of Long Beach,SPA 8 - South Bay,9384,5534392.75,9942.30946646353
06037576802,78,1889,4.1,District 4,City of Long Beach,SPA 8 - South Bay,9385,5039180.01367188,9265.7600638284
06037576901,157,1766,8.9,District 4,City of Long Beach,SPA 8 - South Bay,9386,4790769.07910156,9245.49810762655
06037576903,129,1467,8.8,District 4,City of Long Beach,SPA 8 - South Bay,9387,3499661.29199219,7937.49148508301
06037576904,61,1165,5.2,District 4,City of Long Beach,SPA 8 - South Bay,9388,3938348.28417969,8609.26014223383
06037577000,110,3293,3.3,District 4,City of Long Beach,SPA 8 - South Bay,9389,19912398.5263672,21697.1283919219
06037577100,157,3541,4.4,District 4,City of Long Beach,SPA 8 - South Bay,9390,13074533.5058594,14525.9056753611
06037577200,183,3255,5.6,District 4,City of Long Beach,SPA 8 - South Bay,9391,9192742.52832031,13068.7083513472
06037577300,106,3756,2.8,District 4,City of Long Beach,SPA 8 - South Bay,9392,8753222.14160156,12674.1947944582
06037577400,59,1426,4.1,District 4,City of Long Beach,SPA 8 - South Bay,9393,6943339.91992188,11769.6752731051
06037577501,54,1702,3.2,District 4,City of Long Beach,SPA 8 - South Bay,9394,14579156.7763672,15299.8099640355
06037577504,12,761,1.6,District 4,City of Long Beach,SPA 8 - South Bay,9395,6017112.85742188,16934.8557339116
06037577602,55,1611,3.4,District 4,City of Long Beach,SPA 8 - South Bay,9396,14927053.3388672,17289.6306716414
06037577604,6,812,0.7,District 4,City of Long Beach,SPA 8 - South Bay,9397,16578437.1884766,28779.3747020717
06037577605,16,2050,0.8,District 4,City of Long Beach,SPA 8 - South Bay,9398,19689600.9433594,19854.487514848
06037577606,60,1594,3.8,District 4,City of Long Beach,SPA 8 - South Bay,9399,12469864.7099609,17491.4183484139
06037577700,92,1239,7.4,District 4,City of Long Beach,SPA 8 - South Bay,9400,13616840.6914062,18926.200280492
06037577800,27,1364,2,District 4,City of Downey,SPA 7 - East,9401,18813760.9580078,22454.224526755
06037577900,330,2363,14,District 4,City of Long Beach,SPA 8 - South Bay,9402,19019660.0322266,20874.3918721433
06037578000,198,1550,12.8,District 4,City of Long Beach,SPA 8 - South Bay,9403,19821795.4355469,22475.2724515312
06037578100,0,0,,District 4,City of Long Beach,SPA 8 - South Bay,9404,18516371.5224609,18912.7094930489
06037599000,224,1178,19,District 4,City of Avalon,SPA 8 - South Bay,9405,35664503.1728516,28399.1163023887
06037599100,17,53,32.1,District 4,Unincorporated - Santa Catalina Island,SPA 8 - South Bay,9406,3698756367.46289,554591.259930524
06037900704,168,1575,10.7,District 5,City of Lancaster,SPA 1 - Antelope Valley,9407,55752331.34375,31793.7145246694
06037600100,334,2132,15.7,District 2,Unincorporated - Athens-Westmont,SPA 8 - South Bay,9408,8145826.70019531,12352.6803164271
06037600201,230,1316,17.5,District 2,Unincorporated - Athens-Westmont,SPA 8 - South Bay,9409,6311706.8828125,11426.2045076238
06037980004,0,0,,District 5,City of Palmdale,SPA 1 - Antelope Valley,9410,385849268.379883,88089.8957021488
06037600202,540,2278,23.7,District 2,Unincorporated - Athens-Westmont,SPA 8 - South Bay,9411,8950420.44140625,14564.1125260692
06037600302,23,986,2.3,District 2,Unincorporated - Athens-Westmont,SPA 8 - South Bay,9412,8835937.30078125,11971.1873099585
06037980005,0,0,,District 4,City of Torrance,SPA 8 - South Bay,9413,43631570.890625,31657.9908832079
06037600303,255,1257,20.3,District 2,Unincorporated - Athens-Westmont,SPA 8 - South Bay,9414,3913791.05859375,9114.25117138009
06037600304,230,1068,21.5,District 2,Unincorporated - Athens-Westmont,SPA 8 - South Bay,9415,4780190.86621094,9643.08539158571
06037980006,0,0,,District 4,City of Long Beach,SPA 8 - South Bay,9416,36204422.0820312,38004.9762640188
06037600400,342,1495,22.9,District 2,Unincorporated - Athens-Westmont,SPA 8 - South Bay,9417,10556116.5625,16001.3030320201
06037600501,177,875,20.2,District 2,City of Inglewood,SPA 8 - South Bay,9418,7116461.40917969,10669.2654272993
06037980007,0,0,,District 4,City of Long Beach,SPA 8 - South Bay,9419,29099378.9882812,24048.9562784321
06037600601,70,850,8.2,District 2,City of Inglewood,SPA 8 - South Bay,9420,6965455.27246094,10542.1534842802
06037600602,110,715,15.4,District 2,City of Inglewood,SPA 8 - South Bay,9421,7443353.8671875,10854.6551682281
06037600702,20,1591,1.3,District 2,City of Inglewood,SPA 8 - South Bay,9422,26101481.8730469,23989.4569591736
06037600703,12,748,1.6,District 2,City of Inglewood,SPA 8 - South Bay,9423,5549320.95898438,10845.6444095777
06037600704,106,1184,9,District 2,City of Inglewood,SPA 8 - South Bay,9424,10424291.0185547,12988.667244335
06037600801,192,1213,15.8,District 2,City of Inglewood,SPA 8 - South Bay,9425,10462808.5458984,13231.9032574555
06037600802,120,1161,10.3,District 2,City of Inglewood,SPA 8 - South Bay,9426,20967942.3955078,20297.2076396998
06037600902,197,2409,8.2,District 2,City of Inglewood,SPA 8 - South Bay,9427,8555265.36523438,13375.6440720542
06037600911,112,1040,10.8,District 2,City of Inglewood,SPA 8 - South Bay,9428,7288004.77636719,11169.9497803195
06037600912,59,1468,4,District 2,City of Inglewood,SPA 8 - South Bay,9429,11735596.7626953,15193.0004448652
06037601001,220,1088,20.2,District 2,City of Inglewood,SPA 8 - South Bay,9430,9587666.7109375,13981.9281846441
06037601002,270,1975,13.7,District 2,City of Inglewood,SPA 8 - South Bay,9431,6807170.24707031,11117.381555623
06037601100,258,2106,12.3,District 2,City of Inglewood,SPA 8 - South Bay,9432,6900459.72070312,10510.0616652774
06037601202,36,1093,3.3,District 2,City of Inglewood,SPA 8 - South Bay,9433,7065105.55273438,10672.5628414639
06037601211,164,1092,15,District 2,City of Inglewood,SPA 8 - South Bay,9434,6207755.75097656,10171.0530452938
06037601212,304,1950,15.6,District 2,City of Inglewood,SPA 8 - South Bay,9435,6305633.37402344,10073.3832098473
06037601301,71,736,9.6,District 2,City of Inglewood,SPA 8 - South Bay,9436,6624762.4140625,10991.5916139965
06037601302,40,2566,1.6,District 2,City of Inglewood,SPA 8 - South Bay,9437,13166448.8427734,19301.6032687366
06037601303,294,2125,13.8,District 2,City of Inglewood,SPA 8 - South Bay,9438,4701154.50585938,8829.96097360053
06037601401,258,1769,14.6,District 2,City of Inglewood,SPA 8 - South Bay,9439,16764605.2119141,18166.9451781324
06037601402,82,1298,6.3,District 2,City of Inglewood,SPA 8 - South Bay,9440,10584717.5693359,13247.2022352653
06037601501,24,980,2.4,District 2,Unincorporated - Lennox,SPA 8 - South Bay,9441,5082364.58496094,10467.6710807183
06037601502,100,910,11,District 2,Unincorporated - Lennox,SPA 8 - South Bay,9442,5265980.21289062,11426.733170416
06037601600,66,1285,5.1,District 2,Unincorporated - Lennox,SPA 8 - South Bay,9443,9864465.68945312,12848.5419559153
06037601700,136,1324,10.3,District 2,Unincorporated - Lennox,SPA 8 - South Bay,9444,8183626.18359375,12637.7776771124
06037601801,65,872,7.5,District 2,City of Inglewood,SPA 8 - South Bay,9445,5234143.03125,10548.0233136592
06037601802,66,932,7.1,District 2,Unincorporated - Lennox,SPA 8 - South Bay,9446,5209348.671875,10562.8332850143
06037601900,190,1321,14.4,District 2,City of Inglewood,SPA 8 - South Bay,9447,7488280.68457031,11027.7832088277
06037602002,66,833,7.9,District 2,City of Hawthorne,SPA 8 - South Bay,9448,5727718.81640625,10581.8215363547
06037602003,159,1193,13.3,District 2,City of Inglewood,SPA 8 - South Bay,9449,6730802.56640625,10333.1948953788
06037602103,141,1865,7.6,District 2,City of Hawthorne,SPA 8 - South Bay,9450,8985975.41699219,11937.67948141
06037602104,56,1754,3.2,District 2,City of Hawthorne,SPA 8 - South Bay,9451,7983084.546875,11593.0671798025
06037602105,213,1426,14.9,District 2,City of Hawthorne,SPA 8 - South Bay,9452,6842892.30175781,10462.7491133301
06037602106,159,2305,6.9,District 2,City of Hawthorne,SPA 8 - South Bay,9453,8816440.72949219,13275.3931852257
06037602201,34,1602,2.1,District 2,Unincorporated - Del Aire,SPA 8 - South Bay,9454,17869424.3291016,19353.2920395836
06037602202,18,1008,1.8,District 2,City of Hawthorne,SPA 8 - South Bay,9455,4955122.67089844,9580.40845983712
06037602301,146,1987,7.3,District 2,Unincorporated - Wiseburn,SPA 8 - South Bay,9456,19163723.9160156,19200.4013189939
06037602302,51,1856,2.7,District 2,City of Hawthorne,SPA 8 - South Bay,9457,21009975.5751953,22619.847004602
06037602402,0,2070,0,District 2,City of Hawthorne,SPA 8 - South Bay,9458,14116815.5957031,17027.5226129076
06037602403,87,1544,5.6,District 2,City of Hawthorne,SPA 8 - South Bay,9459,6321159.53808594,10061.2955455668
06037602404,146,1857,7.9,District 2,City of Hawthorne,SPA 8 - South Bay,9460,6950852.01367188,11175.3980036597
06037602504,54,1820,3,District 2,City of Hawthorne,SPA 8 - South Bay,9461,3455759.32128906,7905.25418604559
06037602505,159,1616,9.8,District 2,City of Hawthorne,SPA 8 - South Bay,9462,3484787.56835938,7912.83507417977
06037602506,267,1743,15.3,District 2,City of Hawthorne,SPA 8 - South Bay,9463,3486330.84179688,7897.25429326907
06037980008,0,18,0,District 3,Los Angeles - Van Nuys,SPA 2 - San Fernando,9464,36520470.2470703,33527.7366622885
06037602507,196,1888,10.4,District 2,City of Hawthorne,SPA 8 - South Bay,9465,3475129.10839844,7912.08799601738
06037602510,245,1253,19.6,District 2,City of Hawthorne,SPA 8 - South Bay,9466,3499786.67871094,7934.27861424752
06037980009,0,0,,District 5,Los Angeles - Los Feliz,SPA 4 - Metro,9467,228426493.780273,78138.601743004
06037602511,174,1504,11.6,District 2,City of Hawthorne,SPA 8 - South Bay,9468,3781576.94726562,8374.22776016432
06037602512,32,583,5.5,District 2,Unincorporated - Hawthorne,SPA 8 - South Bay,9469,3145518.14550781,7641.4634590943
06037980014,0,10,0,District 4,Los Angeles - Wilmington,SPA 8 - South Bay,9470,80461949.7578125,67612.0053987752
06037602513,66,484,13.6,District 2,City of Hawthorne,SPA 8 - South Bay,9471,19444024.9628906,21159.6271808486
06037602601,75,1666,4.5,District 2,City of Gardena,SPA 8 - South Bay,9472,13982492.7480469,15873.8024251267
06037602602,0,1050,0,District 2,City of Gardena,SPA 8 - South Bay,9473,6988441.27539062,10566.7805820673
06037602700,40,1284,3.1,District 2,City of Hawthorne,SPA 8 - South Bay,9474,26741270.9824219,21485.9075411277
06037602801,280,1356,20.6,District 2,Unincorporated - Athens-Westmont,SPA 8 - South Bay,9475,13492811.5126953,15760.4473966255
06037602802,73,1287,5.7,District 2,Unincorporated - Athens-Westmont,SPA 8 - South Bay,9476,14412133.2138672,16013.2096293318
06037602900,29,1356,2.1,District 2,City of Gardena,SPA 8 - South Bay,9477,30106415.8769531,27254.9326058831
06037603004,10,631,1.6,District 2,City of Gardena,SPA 8 - South Bay,9478,2438807.34375,8205.62061625655
06037603005,68,2046,3.3,District 2,City of Gardena,SPA 8 - South Bay,9479,7010468.77539062,10584.6085300634
06037603006,72,845,8.5,District 2,City of Gardena,SPA 8 - South Bay,9480,7390683.05273438,10957.6421241135
06037603007,153,1179,13,District 2,City of Gardena,SPA 8 - South Bay,9481,7207514.77929688,14307.4546567798
06037603008,87,1190,7.3,District 2,City of Gardena,SPA 8 - South Bay,9482,5025206.2109375,10814.9240859284
06037603101,76,1617,4.7,District 2,City of Gardena,SPA 8 - South Bay,9483,9488447.9765625,12618.0128086365
06037603102,133,1244,10.7,District 2,City of Gardena,SPA 8 - South Bay,9484,8013876.79101562,11371.0015759055
06037603200,98,1291,7.6,District 2,City of Gardena,SPA 8 - South Bay,9485,12283479.7255859,21847.6417374377
06037603301,118,1390,8.5,District 2,City of Gardena,SPA 8 - South Bay,9486,10497573.2597656,14152.6840473093
06037603302,0,1584,0,District 2,City of Gardena,SPA 8 - South Bay,9487,12228413.0751953,15265.2986007502
06037603400,85,1451,5.9,District 2,City of Gardena,SPA 8 - South Bay,9488,12212980.8378906,15582.4220506749
06037603500,49,886,5.5,District 2,City of Gardena,SPA 8 - South Bay,9489,8549668.76953125,13077.6230113209
06037603600,33,1467,2.2,District 2,City of Gardena,SPA 8 - South Bay,9490,10083412.03125,13097.1005143995
06037603702,0,1679,0,District 2,Unincorporated - El Camino Village,SPA 8 - South Bay,9491,28046529.2060547,21737.9760760684
06037603703,14,866,1.6,District 2,City of Hawthorne,SPA 8 - South Bay,9492,7027787.9375,10770.70131118
06037603705,24,909,2.6,District 2,City of Hawthorne,SPA 8 - South Bay,9493,2958773.62207031,7392.65624946773
06037603706,89,1047,8.5,District 2,Unincorporated - El Camino Village,SPA 8 - South Bay,9494,3992160.0625,9930.36871514337
06037603801,116,1522,7.6,District 2,City of Lawndale,SPA 8 - South Bay,9495,7167070.50683594,10594.7065769927
06037603802,34,1209,2.8,District 2,City of Lawndale,SPA 8 - South Bay,9496,6832164.53222656,10354.9343678169
06037603901,127,1290,9.8,District 2,City of Lawndale,SPA 8 - South Bay,9497,7982435.90234375,15456.4599374641
06037603902,35,1147,3.1,District 2,City of Lawndale,SPA 8 - South Bay,9498,8080918.70117188,12037.5397602608
06037604001,69,1215,5.7,District 2,City of Lawndale,SPA 8 - South Bay,9499,7129745.98632812,10687.0710348248
06037604002,72,1501,4.8,District 2,City of Lawndale,SPA 8 - South Bay,9500,6995919.54882812,10360.4049234077
06037604101,94,1142,8.2,District 2,City of Lawndale,SPA 8 - South Bay,9501,5197447.734375,9593.58265901229
06037604102,49,853,5.7,District 2,City of Lawndale,SPA 8 - South Bay,9502,5705463.50195312,12008.6113812108
06037604200,58,1649,3.5,District 2,City of Inglewood,SPA 8 - South Bay,9503,13449760.9140625,17675.6173949717
06037609900,61,603,10.1,District 4,Unincorporated - La Rambla,SPA 8 - South Bay,9504,5516526.02636719,12905.4290369084
06037620001,31,1689,1.8,District 2,City of El Segundo,SPA 8 - South Bay,9505,12802240.8808594,14702.1008885804
06037620002,53,1473,3.6,District 2,City of El Segundo,SPA 8 - South Bay,9506,12754489.1259766,15822.0755906787
06037620101,27,2080,1.3,District 2,City of El Segundo,SPA 8 - South Bay,9507,14563830.0195312,16145.5843635476
06037620102,52,1883,2.8,District 2,City of El Segundo,SPA 8 - South Bay,9508,9388354.04296875,16010.8448891507
06037620201,23,885,2.6,District 2,City of Manhattan Beach,SPA 8 - South Bay,9509,2018511.75097656,6645.59628528624
06037620301,74,1487,5,District 2,City of Manhattan Beach,SPA 8 - South Bay,9510,11223224.3388672,14150.6373841595
06037620303,43,1783,2.4,District 2,City of Manhattan Beach,SPA 8 - South Bay,9511,12338672.734375,15887.7850329508
06037620305,102,2387,4.3,District 2,City of Manhattan Beach,SPA 8 - South Bay,9512,11936835.0683594,16883.2955777628
06037620400,17,1987,0.9,District 2,City of Manhattan Beach,SPA 8 - South Bay,9513,27769487.9970703,21113.9802322799
06037620501,0,2143,0,District 2,City of Redondo Beach,SPA 8 - South Bay,9514,27886999.1152344,21151.3457533806
06037620521,5,1797,0.3,District 2,City of Redondo Beach,SPA 8 - South Bay,9515,6934219.92480469,10530.2751838138
06037620522,123,1830,6.7,District 2,City of Redondo Beach,SPA 8 - South Bay,9516,8027678.24902344,11200.6184497236
06037620601,104,2294,4.5,District 2,City of Redondo Beach,SPA 8 - South Bay,9517,14700748.7509766,19877.1450434457
06037620602,68,2104,3.2,District 2,City of Redondo Beach,SPA 8 - South Bay,9518,14624225.1474609,18655.5874576324
06037620701,36,2910,1.2,District 2,City of Redondo Beach,SPA 8 - South Bay,9519,10956223.3525391,15209.3916944785
06037620703,7,1200,0.6,District 2,City of Redondo Beach,SPA 8 - South Bay,9520,6190960.06738281,10997.0258770682
06037620704,55,1182,4.7,District 2,City of Redondo Beach,SPA 8 - South Bay,9521,7980967.99414062,13473.8582282709
06037620801,8,1320,0.6,District 2,City of Manhattan Beach,SPA 8 - South Bay,9522,12893891.2568359,15696.795468591
06037620802,63,1353,4.7,District 2,City of Manhattan Beach,SPA 8 - South Bay,9523,13837312.9794922,15788.2904134712
06037620901,22,1054,2.1,District 2,City of Manhattan Beach,SPA 8 - South Bay,9524,9373822.0234375,12894.805702196
06037620904,12,1067,1.1,District 2,City of Manhattan Beach,SPA 8 - South Bay,9525,5878914.09082031,10106.9404950805
06037621001,171,2041,8.4,District 2,City of Hermosa Beach,SPA 8 - South Bay,9526,10175657.7919922,16002.7284919715
06037621005,226,2506,9,District 2,City of Hermosa Beach,SPA 8 - South Bay,9527,12106909.7089844,15546.1987329614
06037621102,55,1239,4.4,District 2,City of Hermosa Beach,SPA 8 - South Bay,9528,6029107.20996094,10693.9287239224
06037621104,73,3136,2.3,District 2,City of Hermosa Beach,SPA 8 - South Bay,9529,10632729.7568359,13473.4307979757
06037621201,51,2941,1.7,District 2,City of Redondo Beach,SPA 8 - South Bay,9530,17709590.2138672,17281.0272970824
06037621204,123,1750,7,District 2,City of Redondo Beach,SPA 8 - South Bay,9531,17695470.7451172,17725.5502711608
06037621301,140,2940,4.8,District 2,City of Redondo Beach,SPA 8 - South Bay,9532,16895190.2138672,17257.5313727483
06037621324,60,1974,3,District 2,City of Redondo Beach,SPA 8 - South Bay,9533,6392411.55664062,13205.7061611631
06037621326,53,1738,3,District 2,City of Redondo Beach,SPA 8 - South Bay,9534,7328877.06738281,12911.5358009553
06037621400,54,1744,3.1,District 2,City of Redondo Beach,SPA 8 - South Bay,9535,13656380.7792969,15831.8258900521
06037650001,170,2343,7.3,District 4,City of Torrance,SPA 8 - South Bay,9536,17307210.7128906,16976.7529227777
06037650003,95,1218,7.8,District 4,City of Torrance,SPA 8 - South Bay,9537,5463168.09765625,9617.03730071032
06037650004,53,1498,3.5,District 4,City of Torrance,SPA 8 - South Bay,9538,8241169.67480469,11729.4325944707
06037650101,122,1987,6.1,District 4,City of Torrance,SPA 8 - South Bay,9539,20477770.7998047,18472.6477756689
06037650102,23,731,3.1,District 4,City of Torrance,SPA 8 - South Bay,9540,9047855.38769531,13415.4664523672
06037650200,68,1812,3.8,District 4,City of Torrance,SPA 8 - South Bay,9541,26302132.078125,30094.1222021843
06037650300,166,2568,6.5,District 4,City of Torrance,SPA 8 - South Bay,9542,20070562.5751953,20883.1366818792
06037650401,55,1526,3.6,District 4,City of Torrance,SPA 8 - South Bay,9543,37740902.5839844,32149.5131885755
06037650501,9,942,1,District 4,City of Torrance,SPA 8 - South Bay,9544,10713464.2353516,13520.403839682
06037650502,22,1641,1.3,District 4,City of Torrance,SPA 8 - South Bay,9545,14340477.3300781,15517.2277241226
06037650603,207,1487,13.9,District 4,City of Torrance,SPA 8 - South Bay,9546,13887143.4931641,15814.9253495632
06037650604,157,2677,5.9,District 4,City of Torrance,SPA 8 - South Bay,9547,5553365.63476562,9486.17365838977
06037650605,41,996,4.1,District 4,City of Torrance,SPA 8 - South Bay,9548,5244152.87402344,9208.94737892701
06037650606,239,1671,14.3,District 4,City of Torrance,SPA 8 - South Bay,9549,7914642.25390625,15980.3256233396
06037650607,20,1104,1.8,District 4,City of Torrance,SPA 8 - South Bay,9550,5327761.68164062,10950.859069444
06037650701,34,976,3.5,District 4,City of Torrance,SPA 8 - South Bay,9551,21585925.2207031,18653.4465311271
06037650702,55,1615,3.4,District 4,City of Torrance,SPA 8 - South Bay,9552,15039430.3076172,16409.4354122617
06037650801,35,1527,2.3,District 4,City of Torrance,SPA 8 - South Bay,9553,8092036.80957031,12958.4023641698
06037650802,58,1344,4.3,District 4,City of Torrance,SPA 8 - South Bay,9554,5791983.08789062,11569.2112560328
06037650901,121,2259,5.4,District 4,City of Torrance,SPA 8 - South Bay,9555,38125380.3671875,29510.5077879771
06037650903,22,1750,1.3,District 4,City of Torrance,SPA 8 - South Bay,9556,11265033.6914062,17051.461760445
06037650904,24,908,2.6,District 4,City of Torrance,SPA 8 - South Bay,9557,10167383.5361328,16150.7961720818
06037651001,182,2002,9.1,District 4,City of Torrance,SPA 8 - South Bay,9558,15265973.3496094,18969.452999838
06037651002,78,1764,4.4,District 4,City of Torrance,SPA 8 - South Bay,9559,12783315.8105469,15477.510132403
06037651101,133,1747,7.6,District 4,City of Torrance,SPA 8 - South Bay,9560,60086253.8251953,37158.057199552
06037651102,126,1780,7.1,District 4,City of Torrance,SPA 8 - South Bay,9561,8815270.7578125,13650.8525467282
06037651201,13,1660,0.8,District 4,City of Torrance,SPA 8 - South Bay,9562,18841719.7861328,17142.1873636842
06037651221,76,1429,5.3,District 4,City of Torrance,SPA 8 - South Bay,9563,7540150.33105469,11468.7461794962
06037651222,54,2410,2.2,District 4,City of Torrance,SPA 8 - South Bay,9564,16418521.5839844,18059.680422087
06037651302,69,2238,3.1,District 4,City of Torrance,SPA 8 - South Bay,9565,25654098.4150391,30797.5314486916
06037651304,115,2469,4.7,District 4,City of Torrance,SPA 8 - South Bay,9566,15412744.4628906,21453.9055030359
06037651401,91,1210,7.5,District 4,City of Torrance,SPA 8 - South Bay,9567,10749272.3828125,20508.989050011
06037651402,67,2028,3.3,District 4,City of Torrance,SPA 8 - South Bay,9568,19610074.9404297,23224.3338771868
06037670001,73,1256,5.8,District 4,City of Lomita,SPA 8 - South Bay,9569,10066842.6191406,16585.9203150768
06037670002,132,1345,9.8,District 4,City of Lomita,SPA 8 - South Bay,9570,9317061.24707031,12739.06308299
06037670003,40,2229,1.8,District 4,City of Lomita,SPA 8 - South Bay,9571,16255113.4072266,18273.7290333281
06037670101,117,1154,10.1,District 4,City of Lomita,SPA 8 - South Bay,9572,11820625.3056641,20227.7482646463
06037670102,51,1522,3.4,District 4,City of Lomita,SPA 8 - South Bay,9573,5907264.99414062,12061.7583640645
06037670201,31,1410,2.2,District 4,City of Rolling Hills Estates,SPA 8 - South Bay,9574,53534556.6318359,47619.9815111618
06037670202,4,805,0.5,District 4,City of Rolling Hills Estates,SPA 8 - South Bay,9575,32043948.2998047,26378.6254671968
06037670324,20,2097,1,District 4,City of Palos Verdes Estates,SPA 8 - South Bay,9576,50671720.7167969,42504.743603743
06037670326,54,1353,4,District 4,City of Palos Verdes Estates,SPA 8 - South Bay,9577,43526042.4394531,36431.2685932593
06037670328,0,1582,0,District 4,City of Palos Verdes Estates,SPA 8 - South Bay,9578,38287711.7011719,35670.8558682204
06037670405,149,1112,13.4,District 4,City of Rancho Palos Verdes,SPA 8 - South Bay,9579,16475979.5146484,21210.7533713447
06037670406,27,597,4.5,District 4,City of Rolling Hills Estates,SPA 8 - South Bay,9580,12863054.7724609,14337.5277707128
06037670407,154,2291,6.7,District 4,City of Rancho Palos Verdes,SPA 8 - South Bay,9581,12993757.9365234,16827.5969721454
06037670413,0,1693,0,District 4,City of Rancho Palos Verdes,SPA 8 - South Bay,9582,23570288.9609375,20366.6785299242
06037670416,41,1557,2.6,District 4,City of Rancho Palos Verdes,SPA 8 - South Bay,9583,37159320.3779297,27428.9390492201
06037670417,55,1040,5.3,District 4,City of Rancho Palos Verdes,SPA 8 - South Bay,9584,21741527.5683594,20027.1615467644
06037670418,11,1507,0.7,District 4,City of Rancho Palos Verdes,SPA 8 - South Bay,9585,27519559.3242188,24794.5168985281
06037670500,18,583,3.1,District 4,City of Rolling Hills,SPA 8 - South Bay,9586,82518876.3720703,46433.1198995139
06037670603,11,656,1.7,District 4,City of Rancho Palos Verdes,SPA 8 - South Bay,9587,42051433.3964844,36174.234901615
06037670604,128,2134,6,District 4,City of Rancho Palos Verdes,SPA 8 - South Bay,9588,110134649.208008,99321.2739944366
06037670701,13,2078,0.6,District 4,City of Rancho Palos Verdes,SPA 8 - South Bay,9589,30800899.5195312,32455.7035767706
06037670702,19,2022,0.9,District 4,City of Rancho Palos Verdes,SPA 8 - South Bay,9590,72953415.203125,59188.1236974596
06037700101,508,3496,14.5,District 3,City of West Hollywood,SPA 4 - Metro,9591,7248139.88378906,13591.476427548
06037700102,486,2655,18.3,District 3,City of West Hollywood,SPA 4 - Metro,9592,5302940.47265625,13535.3419597389
06037700200,704,4181,16.8,District 3,City of West Hollywood,SPA 4 - Metro,9593,7381573.27636719,13007.7794920302
06037700300,765,4027,19,District 3,City of West Hollywood,SPA 4 - Metro,9594,6449915.85449219,13744.7365882905
06037700400,338,2822,12,District 3,City of West Hollywood,SPA 4 - Metro,9595,14273444.2236328,20695.8624732025
06037700501,92,2402,3.8,District 3,City of West Hollywood,SPA 4 - Metro,9596,6428353.16015625,14556.3830808974
06037700502,288,2896,9.9,District 3,City of West Hollywood,SPA 4 - Metro,9597,5454767.54492188,10628.0736182457
06037700600,47,1661,2.8,District 3,City of Beverly Hills,SPA 5 - West,9598,61159774.4765625,45106.8467436622
06037700700,55,1170,4.7,District 3,City of Beverly Hills,SPA 5 - West,9599,37897052.8164062,31200.9934688689
06037700801,437,2329,18.8,District 3,City of Beverly Hills,SPA 5 - West,9600,15717383.3583984,19965.1057643444
06037700802,38,1880,2,District 3,City of Beverly Hills,SPA 5 - West,9601,7302287.234375,14888.343722732
06037700901,47,1500,3.1,District 3,City of Beverly Hills,SPA 5 - West,9602,11377820.6474609,18770.3698610342
06037700902,419,3173,13.2,District 3,City of Beverly Hills,SPA 5 - West,9603,10288596.875,12917.8784249669
06037701000,113,2550,4.4,District 3,City of Beverly Hills,SPA 5 - West,9604,15201980.0371094,17530.92090996
06037701201,85,1489,5.7,District 3,City of Santa Monica,SPA 5 - West,9605,20797737.921875,18156.8594926997
06037701202,79,1773,4.5,District 3,City of Santa Monica,SPA 5 - West,9606,4362526.57617188,9140.20820502487
06037701302,204,2825,7.2,District 3,City of Santa Monica,SPA 5 - West,9607,4915205.76660156,9925.94035351313
06037701304,134,2686,5,District 3,City of Santa Monica,SPA 5 - West,9608,21323398.5283203,20489.1854536259
06037701402,621,3976,15.6,District 3,City of Santa Monica,SPA 5 - West,9609,7457864.63964844,12197.0951511665
06037701501,159,2521,6.3,District 3,City of Santa Monica,SPA 5 - West,9610,6637488.00097656,12363.0986039436
06037701502,141,1960,7.2,District 3,City of Santa Monica,SPA 5 - West,9611,6589618.76757812,12353.4411965903
06037701601,77,1757,4.4,District 3,City of Santa Monica,SPA 5 - West,9612,13023655.40625,15732.0710163723
06037701602,215,1980,10.9,District 3,City of Santa Monica,SPA 5 - West,9613,7119825.1796875,13111.2392557583
06037701701,243,1693,14.4,District 3,City of Santa Monica,SPA 5 - West,9614,7049752.50292969,13086.2791189339
06037701702,307,1647,18.6,District 3,City of Santa Monica,SPA 5 - West,9615,6507747.25683594,12303.0306353128
06037701801,369,2681,13.8,District 3,City of Santa Monica,SPA 5 - West,9616,20423768.0087891,19261.6246541734
06037701802,311,2296,13.5,District 3,City of Santa Monica,SPA 5 - West,9617,13452438.0664062,15254.8460640278
06037701902,1098,3430,32,District 3,City of Santa Monica,SPA 5 - West,9618,16583120.9130859,16639.0913437266
06037702002,501,3300,15.2,District 3,City of Santa Monica,SPA 5 - West,9619,10473116.5966797,13179.7535208895
06037702102,294,3601,8.2,District 3,City of Santa Monica,SPA 5 - West,9620,9506242.06347656,13118.1123519755
06037702201,167,2088,8,District 3,City of Santa Monica,SPA 5 - West,9621,12958863.09375,15186.0270787104
06037702202,134,1814,7.4,District 3,City of Santa Monica,SPA 5 - West,9622,10861256.5488281,13823.8667195623
06037702300,168,2936,5.7,District 3,City of Santa Monica,SPA 5 - West,9623,27881109.1904297,21112.1109266737
06037702400,167,2092,8,District 2,City of Culver City,SPA 5 - West,9624,21577030.2324219,23594.3142121823
06037702501,66,2192,3,District 2,City of Culver City,SPA 5 - West,9625,14580560.0878906,15468.9295669649
06037702502,54,2249,2.4,District 2,City of Culver City,SPA 5 - West,9626,19535183.0283203,25393.484530205
06037702600,94,2524,3.7,District 2,City of Culver City,SPA 5 - West,9627,23564257.6005859,23632.5621696233
06037702700,48,1285,3.7,District 2,City of Culver City,SPA 5 - West,9628,14571730.8066406,17411.6073192674
06037702801,261,2067,12.6,District 2,City of Culver City,SPA 5 - West,9629,12920974.8671875,14939.8115165028
06037702802,36,1010,3.6,District 2,City of Culver City,SPA 5 - West,9630,6280920.61035156,15114.5050203748
06037702803,30,1212,2.5,District 2,City of Culver City,SPA 5 - West,9631,9086121.84179688,27321.2075420162
06037702900,382,5169,7.4,District 2,Unincorporated - Marina del Rey,SPA 5 - West,9632,40658542.4033203,25781.5667144849
06037703002,112,2814,4,District 2,Unincorporated - Ladera Heights,SPA 5 - West,9633,35357695.6699219,27551.1138433947
06037703003,234,3109,7.5,District 2,City of Culver City,SPA 5 - West,9634,21768486.6220703,25008.2392062073
06037703100,66,2663,2.5,District 2,Unincorporated - View Park/Windsor Hills,SPA 6 - South,9635,28676482.1972656,26345.5316841976
06037703200,179,2280,7.9,District 2,Unincorporated - View Park/Windsor Hills,SPA 6 - South,9636,22625110.2109375,21701.8315482191
06037800101,12,1865,0.6,District 3,City of Calabasas,SPA 2 - San Fernando,9637,87056652.6835938,52682.2047678685
06037800103,46,1168,3.9,District 3,Unincorporated - Santa Monica Mountains,SPA 2 - San Fernando,9638,198324394.53418,77787.5315594081
06037800104,14,1516,0.9,District 3,Unincorporated - Santa Monica Mountains,SPA 2 - San Fernando,9639,369076018.532227,145158.406738148
06037800202,23,2012,1.1,District 3,Unincorporated - Santa Monica Mountains,SPA 2 - San Fernando,9640,294660165.853516,87412.6551866092
06037800204,77,1658,4.6,District 3,City of Calabasas,SPA 2 - San Fernando,9641,86328419.8984375,57281.3839641263
06037800205,11,1639,0.7,District 3,City of Calabasas,SPA 2 - San Fernando,9642,14292445.3076172,18526.2550961916
06037800206,10,1158,0.9,District 3,Unincorporated - Santa Monica Mountains,SPA 2 - San Fernando,9643,99720518.8583984,49071.3930382768
06037800324,18,2405,0.7,District 3,City of Agoura Hills,SPA 2 - San Fernando,9644,38634006.0625,32018.39496854
06037800325,111,1444,7.7,District 3,City of Westlake Village,SPA 2 - San Fernando,9645,24891021.9287109,24960.397436296
06037800328,0,397,0,District 3,Unincorporated - Santa Monica Mountains,SPA 2 - San Fernando,9646,103569342.990234,39695.270485163
06037800333,49,956,5.1,District 3,City of Agoura Hills,SPA 2 - San Fernando,9647,13837231.2041016,18297.690862806
06037800334,17,1239,1.4,District 3,City of Agoura Hills,SPA 2 - San Fernando,9648,50985329.5927734,33213.0992030557
06037800335,22,1748,1.3,District 3,Unincorporated - Santa Monica Mountains,SPA 2 - San Fernando,9649,759982316.115234,199829.297703215
06037800336,45,1202,3.7,District 3,Unincorporated - Santa Monica Mountains,SPA 2 - San Fernando,9650,213099763.706055,78536.8195095001
06037800337,23,1726,1.3,District 3,City of Calabasas,SPA 2 - San Fernando,9651,30005379.7460938,30787.7972155278
06037800338,0,2038,0,District 3,City of Agoura Hills,SPA 2 - San Fernando,9652,68321026.8310547,43385.7077699118
06037800406,0,702,0,District 3,Unincorporated - Santa Monica Mountains,SPA 5 - West,9653,976025588.540039,183400.059932496
06037800410,0,518,0,District 3,Unincorporated - Santa Monica Mountains,SPA 5 - West,9654,398549061.535156,115553.769622292
06037800411,0,892,0,District 3,City of Malibu,SPA 5 - West,9655,96023885.2021484,53070.9237451825
06037800412,8,1436,0.6,District 3,City of Malibu,SPA 5 - West,9656,73279113.9208984,59344.0463626942
06037800504,30,934,3.2,District 3,Unincorporated - Santa Monica Mountains,SPA 5 - West,9657,231271325.331055,105654.75207366
06037800506,46,1333,3.5,District 3,Unincorporated - Santa Monica Mountains,SPA 5 - West,9658,283541147.591797,93296.0255139241
06037900102,7,273,2.6,District 5,Unincorporated - Hi Vista,SPA 1 - Antelope Valley,9659,4740481881.34766,321155.351379267
06037900103,60,1776,3.4,District 5,Unincorporated - Lake Los Angeles,SPA 1 - Antelope Valley,9660,214979241.208984,63903.5493714813
06037900104,49,1791,2.7,District 5,Unincorporated - Lake Los Angeles,SPA 1 - Antelope Valley,9661,458727709.741211,85970.7604401432
06037900301,19,1027,1.9,District 5,City of Lancaster,SPA 1 - Antelope Valley,9662,71471863.1503906,42802.1951449788
06037900501,70,2158,3.2,District 5,City of Lancaster,SPA 1 - Antelope Valley,9663,33540630,23278.2558583834
06037900504,156,2029,7.7,District 5,City of Lancaster,SPA 1 - Antelope Valley,9664,113881797.4375,64100.9657935895
06037900505,122,1250,9.8,District 5,City of Lancaster,SPA 1 - Antelope Valley,9665,14136950.1816406,15911.8662870933
06037900506,20,1434,1.4,District 5,City of Lancaster,SPA 1 - Antelope Valley,9666,14093443.1855469,15915.7427666474
06037900508,88,1059,8.3,District 5,City of Lancaster,SPA 1 - Antelope Valley,9667,42818576.1679688,26701.6440387661
06037900509,73,1272,5.7,District 5,City of Lancaster,SPA 1 - Antelope Valley,9668,17720122.8144531,18575.981693219
06037900510,5,1077,0.5,District 5,City of Lancaster,SPA 1 - Antelope Valley,9669,24745588.4160156,26533.978534598
06037900602,290,1725,16.8,District 5,City of Lancaster,SPA 1 - Antelope Valley,9670,55406624.7539062,31557.0210025881
06037900606,153,1465,10.4,District 5,City of Lancaster,SPA 1 - Antelope Valley,9671,18697519.4755859,20274.9315580783
06037900607,19,1175,1.6,District 5,City of Lancaster,SPA 1 - Antelope Valley,9672,18493938.9169922,19646.4616376481
06037900608,7,1118,0.6,District 5,City of Lancaster,SPA 1 - Antelope Valley,9673,14377336.0205078,16059.1642421275
06037900609,110,1452,7.6,District 5,City of Lancaster,SPA 1 - Antelope Valley,9674,28156519.8261719,26552.8521363679
06037900610,121,1164,10.4,District 5,City of Lancaster,SPA 1 - Antelope Valley,9675,35462369.9042969,26585.2658715737
06037900611,51,1182,4.3,District 5,City of Lancaster,SPA 1 - Antelope Valley,9676,21187879.7314453,21261.5801977029
06037900701,81,1485,5.5,District 5,City of Lancaster,SPA 1 - Antelope Valley,9677,22591121.3974609,19145.7987373505
06037900703,263,2190,12,District 5,City of Lancaster,SPA 1 - Antelope Valley,9678,27951177.4619141,21124.3014248905
06037900705,157,1900,8.3,District 5,City of Lancaster,SPA 1 - Antelope Valley,9679,56793102.4882812,31921.3269871652
06037900804,108,1042,10.4,District 5,City of Lancaster,SPA 1 - Antelope Valley,9680,16015613.6962891,16699.4288031714
06037900805,47,1584,3,District 5,City of Lancaster,SPA 1 - Antelope Valley,9681,28396052.9746094,21290.2745841243
06037900806,469,2043,23,District 5,City of Lancaster,SPA 1 - Antelope Valley,9682,19319178.7949219,17959.4554932225
06037900807,21,1224,1.7,District 5,City of Lancaster,SPA 1 - Antelope Valley,9683,14179254.0498047,16005.9133080158
06037900808,31,1357,2.3,District 5,City of Lancaster,SPA 1 - Antelope Valley,9684,14195731.1953125,15953.363323588
06037900901,11,995,1.1,District 5,City of Lancaster,SPA 1 - Antelope Valley,9685,1019100982.43945,152975.28932941
06037900902,6,566,1.1,District 5,Unincorporated - North Lancaster,SPA 1 - Antelope Valley,9686,1279592488.57617,176439.373222361
06037901003,0,0,,District 5,City of Lancaster,SPA 1 - Antelope Valley,9687,28092032.4990234,21201.2573502769
06037901007,21,712,2.9,District 5,City of Lancaster,SPA 1 - Antelope Valley,9688,56108323.28125,31593.2858760582
06037901008,24,1081,2.2,District 5,City of Lancaster,SPA 1 - Antelope Valley,9689,28851029.0888672,21511.7552000417
06037901009,132,1898,7,District 5,City of Lancaster,SPA 1 - Antelope Valley,9690,28583254.0234375,21385.9709841612
06037901010,60,1846,3.3,District 5,City of Lancaster,SPA 1 - Antelope Valley,9691,28667207.6279297,21445.8573842412
06037901011,85,2035,4.2,District 5,City of Lancaster,SPA 1 - Antelope Valley,9692,28728543.4648438,21421.354910971
06037901012,26,1706,1.5,District 5,City of Lancaster,SPA 1 - Antelope Valley,9693,41759014.9345703,26390.1774728945
06037901013,63,1227,5.1,District 5,City of Lancaster,SPA 1 - Antelope Valley,9694,31779692.5322266,26569.0185329495
06037901014,95,1474,6.4,District 5,City of Lancaster,SPA 1 - Antelope Valley,9695,67319469.4443359,37206.8427078379
06037901101,64,1737,3.7,District 5,City of Lancaster,SPA 1 - Antelope Valley,9696,56254046.5185547,31893.4288222724
06037901102,40,1953,2,District 5,Unincorporated - Quartz Hill,SPA 1 - Antelope Valley,9697,54950801.9492188,31447.021611729
06037901209,0,426,0,District 5,Unincorporated - West Antelope Valley,SPA 1 - Antelope Valley,9698,6436309131.26562,561714.556100361
06037901210,0,648,0,District 5,Unincorporated - Elizabeth Lake,SPA 1 - Antelope Valley,9699,247826689.779297,98464.2250011108
06037901214,18,1500,1.2,District 5,City of Lancaster,SPA 1 - Antelope Valley,9700,56018580.8417969,31792.6923879533
06037901215,249,1505,16.5,District 5,City of Lancaster,SPA 1 - Antelope Valley,9701,28017252.3388672,21186.746444663
06037901216,22,860,2.6,District 5,City of Lancaster,SPA 1 - Antelope Valley,9702,446963541.098633,94385.9583078532
06037901217,49,565,8.7,District 5,Unincorporated - Leona Valley,SPA 1 - Antelope Valley,9703,626765344.135742,177027.991298489
06037901218,18,724,2.5,District 5,City of Palmdale,SPA 1 - Antelope Valley,9704,113078969.001953,43242.0431945194
06037901300,21,488,4.3,District 5,Unincorporated - Roosevelt,SPA 1 - Antelope Valley,9705,2902038892.55664,295520.412923715
06037910002,0,2020,0,District 5,Unincorporated - Littlerock/Pearblossom,SPA 1 - Antelope Valley,9706,781836345.798828,130524.796327297
06037910210,54,2230,2.4,District 5,City of Palmdale,SPA 1 - Antelope Valley,9707,34228264.5527344,25195.6001270702
06037910211,16,466,3.4,District 5,City of Lancaster,SPA 1 - Antelope Valley,9708,43908176.7363281,26608.1120923806
06037910212,47,1107,4.2,District 5,Unincorporated - White Fence Farms,SPA 1 - Antelope Valley,9709,152310618.163086,63552.0469047007
06037910213,22,464,4.7,District 5,Unincorporated - Anaverde,SPA 1 - Antelope Valley,9710,315486043.027344,80006.5270676535
06037910214,33,1596,2.1,District 5,City of Palmdale,SPA 1 - Antelope Valley,9711,47275644.7490234,32864.0485316147
06037910215,8,2066,0.4,District 5,City of Palmdale,SPA 1 - Antelope Valley,9712,34671918.6064453,25877.8704189328
06037910216,13,1389,0.9,District 5,City of Palmdale,SPA 1 - Antelope Valley,9713,29924452.3652344,28656.3208694394
06037910217,77,1653,4.7,District 5,City of Palmdale,SPA 1 - Antelope Valley,9714,645706644.338867,154143.416624191
06037910218,84,1451,5.8,District 5,City of Palmdale,SPA 1 - Antelope Valley,9715,180489388.015625,59795.2407303544
06037910301,34,1614,2.1,District 5,Unincorporated - Quartz Hill,SPA 1 - Antelope Valley,9716,42460025.3574219,27767.2695650893
06037910302,82,2023,4.1,District 5,City of Palmdale,SPA 1 - Antelope Valley,9717,43515231.1142578,30050.3824520778
06037910401,30,2062,1.5,District 5,City of Palmdale,SPA 1 - Antelope Valley,9718,101343984.477539,40497.9994716667
06037910404,32,1239,2.6,District 5,City of Palmdale,SPA 1 - Antelope Valley,9719,27801905.1220703,20663.9396960764
06037910405,348,1676,20.8,District 5,City of Palmdale,SPA 1 - Antelope Valley,9720,25815439.0859375,20568.2414326115
06037910501,366,2123,17.2,District 5,City of Palmdale,SPA 1 - Antelope Valley,9721,16122085.0947266,16720.3713046487
06037910502,67,1332,5,District 5,City of Palmdale,SPA 1 - Antelope Valley,9722,21565235.6962891,18775.7587866786
06037910504,27,1117,2.4,District 5,City of Palmdale,SPA 1 - Antelope Valley,9723,17013625.8115234,18944.1410468747
06037910505,0,861,0,District 5,City of Palmdale,SPA 1 - Antelope Valley,9724,17322506.8720703,23036.8123192968
06037910601,51,1683,3,District 5,City of Palmdale,SPA 1 - Antelope Valley,9725,28603216.7509766,26964.882139187
06037910602,203,1518,13.4,District 5,City of Palmdale,SPA 1 - Antelope Valley,9726,21509192.5996094,21295.889067177
06037910605,136,1338,10.2,District 5,City of Palmdale,SPA 1 - Antelope Valley,9727,14515421.65625,16155.6845597019
06037910606,14,746,1.9,District 5,City of Palmdale,SPA 1 - Antelope Valley,9728,14661286.2089844,16243.4676757973
06037910607,140,1162,12,District 5,City of Palmdale,SPA 1 - Antelope Valley,9729,13167889.2802734,15829.2513063289
06037910608,30,1039,2.9,District 5,City of Palmdale,SPA 1 - Antelope Valley,9730,15138751.3085938,17611.77994193
06037910706,83,1706,4.9,District 5,City of Palmdale,SPA 1 - Antelope Valley,9731,222901054.525391,73606.7528642833
06037910707,75,1552,4.8,District 5,City of Palmdale,SPA 1 - Antelope Valley,9732,72404149.328125,34979.4922415384
06037910709,0,496,0,District 5,Unincorporated - Southeast Antelope Valley,SPA 1 - Antelope Valley,9733,155950366.476562,61760.1152745447
06037910712,23,824,2.8,District 5,City of Palmdale,SPA 1 - Antelope Valley,9734,22313381.4160156,19245.5246659697
06037910713,91,1600,5.7,District 5,City of Palmdale,SPA 1 - Antelope Valley,9735,21329687.671875,18665.4773949084
06037910714,38,998,3.8,District 5,City of Palmdale,SPA 1 - Antelope Valley,9736,10808958.8232422,13479.1861375638
06037910715,26,1885,1.4,District 5,City of Palmdale,SPA 1 - Antelope Valley,9737,21303788.9824219,21463.2481183624
06037910716,55,1762,3.1,District 5,City of Palmdale,SPA 1 - Antelope Valley,9738,26754384.7148438,24630.4864281635
06037910717,35,555,6.3,District 5,City of Palmdale,SPA 1 - Antelope Valley,9739,18633598.8857422,18922.3976191528
06037910718,0,1279,0,District 5,City of Palmdale,SPA 1 - Antelope Valley,9740,21765240.296875,20279.3811642068
06037910719,8,1032,0.8,District 5,City of Palmdale,SPA 1 - Antelope Valley,9741,21446985.3798828,21431.7104515399
06037910720,86,1511,5.7,District 5,City of Palmdale,SPA 1 - Antelope Valley,9742,18059130.1621094,18849.0129769386
06037910721,45,1046,4.3,District 5,City of Palmdale,SPA 1 - Antelope Valley,9743,21061739.3955078,24061.2553218802
06037910804,0,1066,0,District 5,Unincorporated - Acton,SPA 1 - Antelope Valley,9744,562141936.907227,120787.538977805
06037910807,14,1898,0.7,District 5,City of Santa Clarita,SPA 2 - San Fernando,9745,59554308.6142578,37594.2429138095
06037910808,47,1146,4.1,District 5,Unincorporated - Agua Dulce,SPA 2 - San Fernando,9746,116340882.488281,61069.725611697
06037910809,32,665,4.8,District 5,City of Santa Clarita,SPA 2 - San Fernando,9747,104430234.010742,47722.8995451459
06037910810,8,818,1,District 5,Unincorporated - Agua Dulce,SPA 2 - San Fernando,9748,238109678.680664,70713.4596479181
06037910814,15,1263,1.2,District 5,Unincorporated - Agua Dulce,SPA 1 - Antelope Valley,9749,862973795.316406,156063.730732118
06037910815,37,1739,2.1,District 5,Unincorporated - Angeles National Forest,SPA 1 - Antelope Valley,9750,5073680328.63477,460185.331594422
06037911001,71,1390,5.1,District 5,Unincorporated - Llano,SPA 1 - Antelope Valley,9751,4027008609.41895,352029.728209218
06037911100,51,2065,2.5,District 5,Unincorporated - Palmdale,SPA 1 - Antelope Valley,9752,1747662000.37109,225041.308003322
06037920013,68,2427,2.8,District 5,City of Santa Clarita,SPA 2 - San Fernando,9753,87799074.7402344,45412.1228588479
06037920015,17,1980,0.9,District 5,City of Santa Clarita,SPA 2 - San Fernando,9754,92450636.2578125,57820.3255347273
06037920016,38,1593,2.4,District 5,City of Santa Clarita,SPA 2 - San Fernando,9755,22827173.9628906,21697.1091210732
06037920017,30,1337,2.2,District 5,City of Santa Clarita,SPA 2 - San Fernando,9756,22469516.5986328,20316.5382957143
06037920018,12,707,1.7,District 5,City of Santa Clarita,SPA 2 - San Fernando,9757,10382843.6972656,12978.4063737015
06037920020,77,1917,4,District 5,City of Santa Clarita,SPA 2 - San Fernando,9758,116288231.147461,61230.3359633417
06037920028,23,2575,0.9,District 5,City of Santa Clarita,SPA 2 - San Fernando,9759,27429572.0419922,29476.6705380732
06037920029,34,1253,2.7,District 5,City of Santa Clarita,SPA 2 - San Fernando,9760,26294210.7265625,29149.5646640973
06037920030,12,2022,0.6,District 5,City of Santa Clarita,SPA 2 - San Fernando,9761,28344593.59375,23016.1620335821
06037920031,146,2651,5.5,District 5,City of Santa Clarita,SPA 2 - San Fernando,9762,73022801.6982422,50909.9700894316
06037920034,35,1329,2.6,District 5,City of Santa Clarita,SPA 2 - San Fernando,9763,97127988.1640625,43664.651949461
06037920035,90,2427,3.7,District 5,City of Santa Clarita,SPA 2 - San Fernando,9764,26380118.8554688,19916.6431112518
06037920038,57,849,6.7,District 5,City of Santa Clarita,SPA 2 - San Fernando,9765,10519718.6464844,19501.6781027913
06037920039,20,534,3.7,District 5,City of Santa Clarita,SPA 2 - San Fernando,9766,11385117.8427734,16774.1740830311
06037920040,10,1014,1,District 5,City of Santa Clarita,SPA 2 - San Fernando,9767,31863437.0830078,26150.6855955155
06037920041,12,956,1.3,District 5,City of Santa Clarita,SPA 2 - San Fernando,9768,19432348.4863281,20965.4874114658
06037920042,117,2432,4.8,District 5,City of Santa Clarita,SPA 2 - San Fernando,9769,40785745.6972656,39448.7551526779
06037920043,19,2488,0.8,District 5,City of Santa Clarita,SPA 2 - San Fernando,9770,201012238.451172,67120.8920046589
06037920044,37,870,4.3,District 5,City of Santa Clarita,SPA 2 - San Fernando,9771,10665691.6982422,14723.7444911743
06037920045,2,1461,0.1,District 5,City of Santa Clarita,SPA 2 - San Fernando,9772,20279351.5800781,19687.1773374421
06037920046,64,1255,5.1,District 5,City of Santa Clarita,SPA 2 - San Fernando,9773,4804012.89746094,14331.0368112154
06037920047,162,1953,8.3,District 5,City of Santa Clarita,SPA 2 - San Fernando,9774,5498333.52734375,11403.5853146297
06037920048,66,1760,3.8,District 5,City of Santa Clarita,SPA 2 - San Fernando,9775,28623003.2705078,31654.4348020061
06037920049,29,1748,1.7,District 5,Unincorporated - Saugus/Canyon Country,SPA 2 - San Fernando,9776,305586393.969727,92344.5141696748
06037920050,19,500,3.8,District 5,Unincorporated - San Francisquito Canyon/Bouquet Canyon,SPA 2 - San Fernando,9777,2503645060.06055,282373.411289932
06037920102,78,1697,4.6,District 5,Unincorporated - Castaic,SPA 2 - San Fernando,9778,6693030652.73145,422929.971607868
06037920104,35,844,4.1,District 5,Unincorporated - Castaic,SPA 2 - San Fernando,9779,1700916858.10742,224720.019808339
06037920106,5,1016,0.5,District 5,Unincorporated - Val Verde,SPA 2 - San Fernando,9780,505985474.798828,105594.465038473
06037920109,49,1920,2.6,District 5,City of Santa Clarita,SPA 2 - San Fernando,9781,24050124.1113281,26508.6684933074
06037920110,0,1003,0,District 5,City of Santa Clarita,SPA 2 - San Fernando,9782,11362721.828125,16643.0387489252
06037920111,0,1035,0,District 5,City of Santa Clarita,SPA 2 - San Fernando,9783,12414307.3193359,19055.0142493356
06037920112,93,1527,6.1,District 5,City of Santa Clarita,SPA 2 - San Fernando,9784,18534719.8701172,17496.6225262925
06037920114,73,2111,3.5,District 5,City of Santa Clarita,SPA 2 - San Fernando,9785,30509699.4101562,35428.1436050662
06037920115,133,1736,7.7,District 5,City of Santa Clarita,SPA 2 - San Fernando,9786,38895897.4316406,34492.2352869337
06037920116,10,1575,0.6,District 5,Unincorporated - Castaic,SPA 2 - San Fernando,9787,80136965.5673828,42960.3293311939
06037920118,32,1870,1.7,District 5,Unincorporated - Castaic,SPA 2 - San Fernando,9788,30532742.2363281,30431.4638619251
06037920119,4,490,0.8,District 5,Unincorporated - Castaic,SPA 2 - San Fernando,9789,53749190.5859375,32568.5730971109
06037920120,22,1027,2.1,District 5,City of Santa Clarita,SPA 2 - San Fernando,9790,78825637.375,42813.4561357974
06037920121,6,3270,0.2,District 5,City of Santa Clarita,SPA 2 - San Fernando,9791,131352563.150391,62515.4646929475
06037920200,0,0,,District 5,Unincorporated - Castaic,SPA 2 - San Fernando,9792,122208670.120117,64176.7215844986
06037920303,0,656,0,District 5,Unincorporated - Twin Lakes/Oat Mountain,SPA 2 - San Fernando,9793,555261931.879883,133944.661145483
06037920312,198,2184,9.1,District 5,City of Santa Clarita,SPA 2 - San Fernando,9794,146483127.177734,58180.0679064142
06037920313,53,1526,3.5,District 5,City of Santa Clarita,SPA 2 - San Fernando,9795,30880277.3378906,24539.5404325503
06037920314,9,1005,0.9,District 5,City of Santa Clarita,SPA 2 - San Fernando,9796,121727105.555664,51654.5045268017
06037920322,61,967,6.3,District 5,City of Santa Clarita,SPA 2 - San Fernando,9797,11244955.0927734,15123.4480691535
06037920326,62,2595,2.4,District 5,Unincorporated - Stevenson Ranch,SPA 2 - San Fernando,9798,789564921.264648,158899.797404175
06037920328,17,856,2,District 5,City of Santa Clarita,SPA 2 - San Fernando,9799,25126407.4609375,20571.9227312619
06037920329,52,2704,1.9,District 5,City of Santa Clarita,SPA 2 - San Fernando,9800,23809356.7949219,20714.2076178975
06037920330,173,1703,10.2,District 5,City of Santa Clarita,SPA 2 - San Fernando,9801,34776569.5537109,23769.1294831114
06037920331,28,1221,2.3,District 5,City of Santa Clarita,SPA 2 - San Fernando,9802,15921174.3300781,16366.5402274303
06037920332,9,590,1.5,District 5,City of Santa Clarita,SPA 2 - San Fernando,9803,41856267.9570312,31938.4954733248
06037920334,138,2362,5.8,District 5,City of Santa Clarita,SPA 2 - San Fernando,9804,29473410.9335938,22094.5968558892
06037920338,8,1734,0.5,District 5,Unincorporated - Stevenson Ranch,SPA 2 - San Fernando,9805,39962443.5615234,33327.7963543852
06037920339,21,2938,0.7,District 5,Unincorporated - Stevenson Ranch,SPA 2 - San Fernando,9806,367415517.912109,86610.796667504
06037920340,16,741,2.2,District 5,City of Santa Clarita,SPA 2 - San Fernando,9807,11595952.5166016,16582.7986738837
06037920341,20,803,2.5,District 5,City of Santa Clarita,SPA 2 - San Fernando,9808,6274211.08886719,13127.2809830258
06037920342,0,879,0,District 5,City of Santa Clarita,SPA 2 - San Fernando,9809,8840996.37597656,14450.5843487161
06037920343,18,1202,1.5,District 5,City of Santa Clarita,SPA 2 - San Fernando,9810,10721276.8701172,14219.9659096418
06037930400,30,376,8,District 5,Unincorporated - Angeles National Forest,SPA 3 - San Gabriel,9811,16086908851.0605,915242.57711226
06037980001,0,0,,District 5,City of Burbank,SPA 2 - San Fernando,9812,25081050.3935547,22534.6564883515
06037980002,0,0,,District 2,City of Carson,SPA 8 - South Bay,9813,75079609.0605469,37687.1476918258
06037980003,0,0,,District 5,Unincorporated - South Edwards,SPA 1 - Antelope Valley,9814,2082304898.10645,272360.490530011
06037980010,8,73,11,District 1,Los Angeles - Elysian Park,SPA 4 - Metro,9815,41576170.8603516,34977.5763790862
06037980011,0,13,0,District 4,City of Long Beach,SPA 8 - South Bay,9816,14668888.9296875,17562.2483186791
06037980012,0,0,,District 4,City of Downey,SPA 7 - East,9817,9903053.64550781,15069.5216872848
06037980013,0,0,,District 2,City of El Segundo,SPA 8 - South Bay,9818,57052445.9335938,33824.623983534
06037980016,7,100,7,District 4,City of Vernon,SPA 7 - East,9819,144642238.019531,75410.7934945149
06037980017,0,24,0,District 3,Unincorporated - West LA,SPA 5 - West,9820,25671852.0722656,29447.0474486604
06037980018,0,0,,District 4,City of Long Beach,SPA 8 - South Bay,9821,79692947.4570312,54854.595412357
06037980019,5,37,13.5,District 3,Los Angeles - Palisades Highlands,SPA 5 - West,9822,476424607.671875,149651.65116216
06037980020,0,0,,District 5,Los Angeles - Sun Valley,SPA 2 - San Fernando,9823,91784364.7324219,60339.110546652
06037980021,0,4,0,District 5,Los Angeles - Lakeview Terrace,SPA 2 - San Fernando,9824,75088401.3554688,50381.1034706704
06037980022,0,0,,District 3,Los Angeles - Granada Hills,SPA 2 - San Fernando,9825,69407220.2177734,41500.6679567414
06037980024,5,80,6.3,District 3,Los Angeles - Encino,SPA 2 - San Fernando,9826,89171323.6621094,46074.5730139348
06037980025,0,220,0,District 2,City of Carson,SPA 8 - South Bay,9827,41935652.7109375,33654.9231223103
06037980026,0,0,,District 5,Los Angeles - Angeles National Forest,SPA 2 - San Fernando,9828,149611040.793945,101888.807191653
06037980035,26,189,13.8,District 1,City of Industry,SPA 3 - San Gabriel,9829,171530631.979492,105850.878716367
06037980036,0,117,0,District 1,Unincorporated - Whittier Narrows,SPA 3 - San Gabriel,9830,94108944.0273438,63183.0826192381
06037980037,0,0,,District 2,City of Carson,SPA 8 - South Bay,9831,13764458.921875,14866.1382908945
